List alli dänische Film uf.,ok
In welra Zitzona ligt Salt Lake City?,ok
Wenn isch de John Adams gebora?,ok
Für welli Musicals hät de Leonard Bernsetein dMusig gschriebe?,ok
Mit wem isch d Tochter fum Robert Kennedy verhürotet?,ok
bi welem film het d kurosawa regie gführt?,ok
wie tüff isch de chiemsee,ok
In wellam Land entspringt dr Nil?,ok
"Zeig mir die offizielle Internetsiite vo de Schauspiiler, wo bi Charmed mitgspillt hend.",ok
Schrieb alli Schauspieler uf wu im Last Action Hero mitgspielt hend,ok
Wie heissed dHauptstädt vode Länder wo sich sHimalayagebirge befindet?,ok
Wenn isch d Prinzession Diana gstorbe?,ok
Wer isch bir apollo 11 mission dabi gsi?,ok
Welli fiirtäg gits uf de Welt,ok
Wenn isch De Beers gründet worde?,ok
Wär het d‘Titumelodie vo Game of Thromes gschriibä?,ok
Wiaviel Fluuglinia ghören zur SkyTeam-Allianz,ok
Wie heisst dEhefrau vom Präsident Lincoln Mary?,ok
Wo hät dHeineken Brauerei ihre Sitze?,ok
spilt de Neymar für Real Madrid?,ok
In welem alta riich sind Kakaobohna Zahligsmittel gsi? ,ok
Wär isch dr gouverneur vo texas?,ok
Wer hed dr John Lennon tötet?,ok
Welli professionelle Surfer sind in de Philippine gebore worde?,ok
Wie heisst de höchsti Berg in Sachse,ok
Wo isch dSungkyunkwan Universität?,ok
Hett der socrates der aristoteles beiflusst?,ok
bi welem film het d kurosawa regie gführt?,ok
wo het d Heineken Brauerei ihren Sitz?,ok
Welli Brauerei gits in Nordrhein Westphalen?,ok
Wer isch de Autor vo WikiLeaks?,ok
I wellere stadt läbt dr sylvester stallone?,ok
Wie viel Agstellti hät Google?,ok
In wellem Land stoht de Mount Everest?,ok
Zeig mir d Autobiographie vom Hemingway.,ok
Wer hät de Almanach vum alta Bur gschrieba?,ok
Säg alli Schriftssteller wo dr Nobelpriis gwunna hend,ok
Wer hed dr John Lennon tötet?,ok
Welli Fiirtäg gits uf de Welt?,ok
Welli sproche werdend i estland gsproche,ok
Tua alli Büachr us Asimovs Foundation-Seria uflista.,ok
Sind Taiko an Art vo japanischa Musiginstrument?,ok
Welli US-Staate lieged i de gliche Ziitzone wie Utah?,ok
Welli Länder händ meh als 10 Vulkän?,ok
Wär isch dr manager vu Real Madrid?,ok
In wele Film het de Francis d Regie gmacht?,ok
Wer isch de Sohn vu Sonny und Cher?,ok
Ih welere Stadt lebt dr Sylvester Stallone?,ok
A wellere Universität hät dAngela Merkel studiert?,ok
Wie tüüf isch de Lake Placid?,ok
Wo isch der Abraham Lincoln gstorba?,ok
Für was staht IYCM?,ok
Welli Raketa sind vu Baikonur us gstartet?,ok
Wenn isch Finnland de EU biiträte?,ok
Was ist de Geburtsnama vur Adele?,ok
Weli Büecher het d Danielle Steel geschribä?,ok
Welli trubesorte wachsed in Oregon?,ok
Wem ghört Aldi?,ok
Welli Vulkän sind sit 2000 in Japan usbroche?,ok
wer redet de Bart Simpson?,ok
Welli Länder sind durch de Rhii verbunde?,ok
Wo isch dr Bach gebora?,ok
Wia viel menscha lebend in eurasia?,ok
Wenn isch John Adams gebora worda?,ok
Wia heisst dr höchsti berg vo italia?,ok
wer het de Goofy erschaffe?,ok
Wie heisst de König vo Holland?,ok
wivil musee gits i paris,ok
Welli Organisationen sind 1930 gründet worde?,ok
Wenn wird dr Film Worst Case Scenario in Holland ins Kino koh?,ok
Wer isch Bürgrmeistr vu Berlin?,ok
Wo isch de Abraham Lincoln gstorbe?,ok
Het de Sterbeort von Abraham Lincoln en Internetsiite?,ok
Wo isch Syngman Rhee bestattet?,ok
zell di englishe schaupieler uf wo in Lovesick mitspilend,ok
Wie gross isch d Claudia Schiffer?,ok
Welli Sprocha werdend in Pakistan gredet?,ok
Welli Regierigsfrom het Russland?,ok
