302,Het Che Guevara Chind gha?,Bern
222,Isch rossrennä ä sport?,Bern
176,Wenn isch dr Olof Palme erschossä wordä,Bern
490,Weli Unternähme arbeite ir Luft- und Ruumfahrtindustrie und ir Medizin? ,Bern
394,Wie heisst dr höchst Bärg in Australie?,Bern
99,Weli Schriftsteller hei in Istanbul studiert?,Bern
108,Weli Büecher het d Danielle Steel geschribä?,Bern
332,Het Breaking Bad meh Episode aus Game of Thrones?,Bern
248,Wie heisst de lengsti Fluss vo de Welt?,Zentralschweiz
254,In welem alta riich sind Kakaobohna Zahligsmittel gsi? ,Graubünden
17,Was für a Organisation isch im Johr 1950 gründet worda? ,Graubünden
348,In wellem Land ligt dr Mount Everest?,Graubünden
534,Wia viel Kaloria hät as Baguette? ,Graubünden
309,Wär isch dr Sohn vu Sonny und Cher,Graubünden
32,Säg alli Schriftssteller wo dr Nobelpriis gwunna hend,Graubünden
32,Säg alli Schriftssteller wo dr Nobelpriis gwunna hend?,Graubünden
420,Welli Länder händ Ortschafta mit meh als zwai höhlana? ,Graubünden
145,Wär isch dr manager vu Real Madrid?,Graubünden
153,Welli Stadt i Dütschland isch flächamässig dia klinsti?,Graubünden
285,Welli Sproch wird offiziell in Surinami gredet? ,Graubünden
538,Wenn isch De Beers gründet worde?,Zürich
541,Wer isch de Autor vo s Lied vo Füür und Iis?,Zürich
542,I wellem Studio hend d Beatles ihres erste Album ufgno?,Zürich
544,Wenn isch d Prinzession Diana gstorbe?,Zürich
545,Wer het Intel gründet?,Zürich
548,Wie vill Flüss und See gits in South Carolina?,Zürich
549,Wer het mer Rodzilla gnännt?,Zürich
550,List alli Hauptstädt vo allne Länder in Afrika uf.,Zürich
551,Welli Brugge sind vom gliiche Typ wie d Manhatten Brugg.,Zürich
554,Welle Buech het am meiste Siitene?,Zürich
477,Tuan alli Gängster us dr Zit vur Prohibition uflista,Graubünden
473,Tuan alli Autos wo in Dütschland produziert werden uflista,Graubünden
98,Wer hed dr John Lennon tötet?,Graubünden
98,Wer hed dr John Lennon tötet?,Graubünden
98,Wer hed dr John Lennon tötet?,Graubünden
115,Wiaviel Fluuglinia ghören zur SkyTeam-Allianz,Graubünden
115,Wiaviel Fluuglinia ghören zur SkyTeam-Allianz,Graubünden
39,Tuan alli Schwimmer uflista wo in Moskau gebora worda sin,Graubünden
39,Tuan alli Schwimmer uflista wo in Moskau gebora worda sin,Graubünden
173,Tuan alli Berga uflista wo grösser als dr Nanga Parbat sin,Graubünden
65,Wer isch dr Gouverneur vu Wyoming,Graubünden
468,Wiaviel Umsatz macht IBM,Graubünden
486,Wem ghört Aldi?,Graubünden
219,Wer hät Forbes usebracht?,Zürich
220,Welle Pris hät Douglas Hofstadter gunne?,Zürich
221,Wer isch de jüngsti Dart-Spieler?,Zürich
223,Über welle Fluss füehrt dBrooklyn Bridge?,Zürich
224,Wie viel Mensche lebed in Pole?,Zürich
225,Wänn isch die letzti Folg vo Friends usgstrahlt worde?,Zürich
226,Heisst dEhefrau vom Präsident Obama Michelle?,Zürich
227,Wer isch de 9. Präsident vode Vereinigte Staate?,Zürich
227,Wer isch de 8. Präsident vode Vereinigte Staate?,Zürich
228,Wie viel Iwohner hät die Europäischi Union?,Zürich
232,Wie viel Iwohner hät Kairo?,Zürich
417,Wiaviel Sitzplätz hät ds Heimstadion fum FC Porto?,Graubünden
278,Wia viel Iwohner hät dia grösst Stadt fu Kanada?,Graubünden
425,Welli Länder fur Europäischa Union hend dr Euro?,Graubünden
486,Wwm ghört dr Aldi?,Graubünden
429,Mach a Lista fu allna Profiskater us Schweda.,Graubünden
402,Welles Museum in New York hät dia meista Bsuachenda?,Graubünden
507,Tuan miar alli B-Sitana fu da Ramones uflista.,Graubünden
361,Wia heissen d Enkelkinder fum Elvis Presley?,Graubünden
4,Wer isch dr Bürgermeister in New York?,Graubünden
293,Wer alles hät an The Wall fu Pink Floyd mitgschrieba?,Graubünden
268,Wo isch dr Sitz vo dr Heineken Brauerei?,Ostschweiz
164,Wia heisst dr zweithöchsti Berg vo dr Welt?,Ostschweiz
254,In welem alta Riich sind Kakaobohna Zahligsmittel gsi?,Ostschweiz
424,Wer isch dr Bürgermeister vo Berlin?,Ostschweiz
247,Wia viel Aldi-Filiala gits?,Ostschweiz
105,In wiaviel Film het dr Leonardo DiCaprio mitgspielt?,Ostschweiz
87,Uf wela Musigalba befindet sich ds Liad Last Christmas?,Ostschweiz
151,Mit wem isch dr Tom Cruise verhürotet gsi?,Ostschweiz
248,Wia heisst dr längsti Fluss vo dr Welt?,Ostschweiz
60,Seg miar alli Apollo-14-Astronauta?,Ostschweiz
88,Du seg mau wenn isch da Auberta eich zure Provinz wordä?,Bern
343,Welli Stadt hät ds äuteste no fahrende U-Bahn?,Bern
473,"List aui Autos uf, wo ds Dütschland na produziert werdä",Bern
473,"List aui Autos uf, wo ds Dütschland na produziert werdä.",Bern
136,Welli Seriä sy vom John Cleese erfunde wordä?,Bern
510,Wo liggt z Fort Knox?,Graubünden
406,Schrieb alli Schauspieler uf wu im Last Action Hero mitgspielt hend,Graubünden
466,Mit wem isch d Tochter fum Robert Kennedy verhürotet?,Graubünden
385,Zeig mir di Autobiographie vom Hemigway?,Zentralschweiz
386,Wie gross isch d Amazon Eve?,Zentralschweiz
431,List all argentinische Film uf.,Zentralschweiz
432,Wie isch de Michael Jackson gstorbe?,Zentralschweiz
433,Welle US-Bundesstaat isch als letschte anerkannt worde?,Zentralschweiz
435,Gib mir d Internetpräsenz von Forbes.,Zentralschweiz
447,Welle US-Bundestaathet die höchsti Bevölkerigsdichti?,Zentralschweiz
449,Wie isch d Vorwahl vo Berlin?,Zentralschweiz
453,Wie vill Mönd het de Mars?,Zentralschweiz
454,Wie isch de echti Name vom Batman?,Zentralschweiz
24,Welli US-Staate liegen i de gliiche Ziitzone wie Utah?,Zentralschweiz
25,I wellne US-Staate gits Goldvorkomme?,Zentralschweiz
26,Mit wem isch d Tochter vo de Ingrid Berman verhüratet?,Zentralschweiz
27,Wie tüüf isch de Lake Placid?,Zentralschweiz
28,Liste alli Musee in London uf.,Zentralschweiz
29,Welli Höhlene hend mel als drü Iigäng?,Zentralschweiz
34,Wenn isch d Friiheitstatue baut worde?,Zentralschweiz
35,Welli Staate grenzed a Illinois?,Zentralschweiz
36,Wer het Mincraft entwicklet?,Zentralschweiz
38,I wellne Film het de Jesse Eisenberg mitgspillt?,Zentralschweiz
345,Wia viel Menscha leben in Eurasia?,Ostschweiz
324,Wer het d Musig für Harold und Maude gschrieba?,Ostschweiz
465,Weli dütscha Städt hen meh als 250000 Iiwohner?,Ostschweiz
411,Weli amerikanischa Präsidenta sind während em Vietnamchriag im Amt gsi?,Ostschweiz
193,An welera Universität het dia dütsch Kanzlerin Angela Merkel gstudiart?,Ostschweiz
326,Weli Stadt het dia wenigsta Iiwohner?,Ostschweiz
39,"List alli Schwimmer uuf, wo in Moskau gebora sind.",Ostschweiz
434,Zu welera Klass ghört dr Tuusigfüassler?,Ostschweiz
342,Wo isch dr Bach gebora?,Ostschweiz
277,Wia viel Iiwohner het dr Irak?,Ostschweiz
504,Mit wem isch d Tochter vum Bill Clinton verhürotet?,Graubünden
345,Wiaviel Menscha leben in Eurasia?,Graubünden
416,Sind Taiko a Art vu japanischa MusiKinstrument?,Graubünden
346,Wia präsentiart d BBC d Wildlife Specials?,Graubünden
423,Wia isch ds Geburtstagsdatum vur Angela Merkel?,Graubünden
179,Isch dr Darth Vader dr Papi vom Luke?,Graubünden
438,Wia heisst dr höchsti Ort vu Karakoram?,Graubünden
204,In wellam Land entspringt dr Nil?,Graubünden
543,Welli Brauerei gits in Nordrhein Westphalen?,Graubünden
301,Wia viel Sprocha werden in Turkmenistan gredat?,Graubünden
211,Wia heissen dEntwickler vu DBpedia?,Graubünden
336,Wia viel hät Pulp Ficiton kostet?,Graubünden
12,Zaig dEnkelkinder vum Bruce Lee?,Graubünden
81,Welli Schauspieler sind in Dütschland gebora? ,Graubünden
464,Welli Weltruumsonda sind in dr Orbit vu da Sunna gschickt worda?,Graubünden
481,Welli Länder händ meh als 10 Vulkan? ,Graubünden
481,Welli Länder händ meh als 10 Vulkän? ,Graubünden
330,Sind dEltera vum Prinz Harry und vum Prinz William dia glicha? ,Graubünden
323,Wia viel Kosta hät dr Lego-Movie verursacht? ,Graubünden
528,Wia isch dr Muhammad gstorba?,Graubünden
353,Wär isch in da grossa Pyramida vu Gyzeh beärdigt worda? ,Graubünden
234,Was isch s letzte Werk vom Dan Brown?,Zentralschweiz
15,Welle Staat in de USA het die höchsti Bevölkerigsdichti?,Zentralschweiz
364,I wellere Ziitzone isch San Pedro de Atacama?,Zentralschweiz
485,List alli düütsche wiibliche Bundeskanzler uf.,Zentralschweiz
86,Wer het de Goofy erfunde?,Zentralschweiz
47,Welli Bruggene füehred über d Seine?,Zentralschweiz
369,Hett de Elvis Presley Chind gha?,Zentralschweiz
314,Wie heisst s eltiste Kind vo de Meryl Streep?,Zentralschweiz
131,Wo isch de Amtssitz vom spanische Premierminister?,Zentralschweiz
407,Wer het de Plute entdeckt?,Zentralschweiz
501,Wenn het de Lance Bass ghüratet?,Zentralschweiz
147,Welli Fiirtäg gits uf de Welt?,Zentralschweiz
155,Welles isch de liechtischti Mond vom Jupiter?,Zentralschweiz
535,Welli Bibliotheke sind vor 1400 gründet worde?,Zentralschweiz
97,Welles dind die grösste Balligszentre im Bundestaat Washington?,Zentralschweiz
537,Welles MUesem stellt de Schrei vo Munch us?,Zentralschweiz
104,Was isch die schlechtischti Platzierig vo Brasilie i de FIFA-Weltrangliiste gsi?,Zentralschweiz
460,List alli usgstorbene Tier uf.,Zentralschweiz
116,Welli Schiff sind nach em Bejamin Franklin benannt worde.,Zentralschweiz
86,Wer het de Goofy erfunde?,Zentralschweiz
175,Welles sind d Fachgebiert vom UNC Health Care?,Zentralschweiz
213,Ghöred Baumstiiger zu de Amphibie?,Zentralschweiz
440,Welli Schauspieker spielled in Big Bang Theroy mit=?,Zentralschweiz
444,"Liste englischi Schauspiiler uf, wo in Lovsick mitspilled.",Zentralschweiz
236,Wer isch de Autor vom Buech Traumdüütig?,Zentralschweiz
197,Ish d Kubakriise vor de Invasion vo de Schweinebucht gsi?,Zentralschweiz
403,Wie heisst s erste Album vo Queen?,Zentralschweiz
376,Welli Regierigsfrom het Russland?,Zentralschweiz
520,I weller Stadt het d Aur China de Unternehmigssitz?,Zentralschweiz
371,I wellere stadt läbt dr sylvester stallone? ,Bern
31,weles si luutem ign di 10 beste aktion rollespiu füre pc?,Bern
371,I wellere stadt läbt dr sylvester stallone? ,Bern
31,weles si luutem ign di 10 beste aktion rollespiu füre pc?,Bern
278,wi viu ihwohner het di grössti stadt vo kanada?,Bern
289,schrib aui spieler uf wo vo mean hamster software si veröffentlichet worde,Bern
304,zu welere partei ghört dr bürgermeister vo paris? ,Bern
330,hei prinz harry und prinz william di gliche eutere? ,Bern
244,i welere programmsprach isch gimp gschribe? ,Bern
374,wi heisst d houptstadt vo kanada? ,Bern
68,schrib aui schouspieler uf wo nach 1950 in paris si gebore,Bern
277,wi viu ihwohner het dr irak,Bern
120,Welle Dichter het die meiste Bücher gschribe?,Zentralschweiz
123,I wellene Film het de Clint Eastwood Regie gführt und mitgspilt?,Zentralschweiz
126,Wie vill Fluglinie ghöred zur Star Alliance?,Zentralschweiz
128,Wer het d Tribute vo Panem gschribe?,Zentralschweiz
129,Für welles Label het de Elvis siis erste Album ufgnoo?,Zentralschweiz
130,Spilt de Christian Bale in Batman Begins mit?,Zentralschweiz
132,Welle Schauspiiler het i de meiste Film mitgspilt?,Zentralschweiz
256,Wer het de Soundtrack zum Film Titanic vom Camerons gschribe?,Zentralschweiz
257,Wie lang gaht de Film Toy Story?,Zentralschweiz
261,Wer isch de Bürgermeister vo Paris?,Zentralschweiz
395,Wer hät de Almanach vum alta Bur gschrieba?,Graubünden
366,An wa isch de Bruce Carver gstorba?,Graubünden
518,Wora isch de Abraham Lincoln gstorba?,Graubünden
13,Weli andri Waffa si vum Designr vu dr Uzi entwicklet worda?,Graubünden
133,"Tua alli Ländr uflista, wo meh als zwei offizielli Landessproche hen.",Graubünden
280,"Tua alli Schauspielr uflista, wo in de Film, untr dr Regie vu William Shatner, mitgspielt hen.",Graubünden
280,"Tua alli Schauspielr uflista, wo in de Film, untr dr Regie vu William Shatner, mitgspielt hen.",Graubünden
338,Hen Urdu und Persisch gmeinsami Wurzla?,Graubünden
461,Wer isch d'Ehefrau vum Präsident Lincoln gsi?,Graubünden
421,Weli Flughäfa gits in Kalifornia (USA)?,Graubünden
296,Wer isch mitm Präsident Chirac verhürotet gsi?,Graubünden
133,"Tua alli Ländr uflista, wo meh als zwei offizielli Landessprocha hen.",Graubünden
68,Welli Schauspiiler sind alles nach 1950 in Paris gebore?,Zentralschweiz
396,Wie heisst die chinesischi Währig?,Zentralschweiz
316,Für was staht IYCM?,Zentralschweiz
405,Wie heist de letschti Film mitem Alec Guiness?,Zentralschweiz
439,Wenn isch Finnland de EU biiträte?,Zentralschweiz
473,Welli Autos sind in Düütschland produziert worde?,Zentralschweiz
344,Wer het d Brooklyn Bridge entworfe?,Zentralschweiz
437,Wer het de Sturm im Meer von Galiläa gmalet?,Zentralschweiz
191,Wie heisst de König vo Holland?,Zentralschweiz
182,List alle Fuesballverein us Spanie uf.,Zentralschweiz
233,Lebt de Frank Herbet no?,Zürich
235,Wo isch dSungkyunkwan Universität?,Zürich
238,Wer hät Slack entwicklet?,Zürich
239,Vo wo chunt de Carolina Reaper?,Zürich
242,Wie heisst dEhefrau vom Präsident Lincoln Mary?,Zürich
245,A wellere Universität hät dAngela Merkel studiert?,Zürich
246,Für welli Musicals hät de Elton John dMusig gschriebe?,Zürich
250,Welli Firme produziered Luftchüssifahrzüg?,Zürich
252,Zu wellere Spezie ghöred Elefante?,Zürich
253,Wie viel Mensche lebed ide Hauptstadt vo Australie?,Zürich
73,Wer isch 1978 de President vo Pakistan gsi?,Zentralschweiz
255,Wie vill Theorie het de Albert Einstein gha?,Zentralschweiz
470,Wer spricht de Bart Simpson?,Zentralschweiz
79,Welli Biersorte hend de Urpsrung in Irland?,Zentralschweiz
384,I wellne Film hend d Julia Roberts und de Reichard Gere zeme mitgspillt?,Zentralschweiz
249,Wenn isch de John Adams gebore?,Zentralschweiz
94,Wo isch die früherig holländischi Königin Juliana begrabe?,Zentralschweiz
543,Welli Brauereie gits in Nordrein Westfalen?,Zentralschweiz
441,Wela Informatikr hät en Oscar gwunna?,Graubünden
40,Tuan alli Kosmonauta uflista.,Graubünden
373,Wer hät das Lied Hotel California gschrieba?,Graubünden
5,In welna Ländr hät es Ort mit meh als zwei Höhla?,Graubünden
309,Wer isch de Sohn vu Sonny und Cher?,Graubünden
434,Zu welra Klassa ghört de Tusigfüasslr?,Graubünden
391,Wer hät Titlmelodie vu Game of Thrones gschrieba?,Graubünden
284,List alli Spiel vu GMT uf.,Graubünden
341,Tua alli Büachr us Asimovs Foundation-Seria uflista.,Graubünden
234,Was isch z'letschta Werk vum Dan Brown?,Graubünden
388,List aui kanadische Grunge Plattelabels uf.,Bern
390,Wer isch dr Gründer vo Penguin Books?,Bern
399,Isch ds Rita Wilson d‘Ehefrou vom Tom Hanks?,Bern
400,Ih welne Länder redä d‘Mönsche japanisch?,Bern
401,Wele Fium vom Tim Burton hät da gröschte Budget?,Bern
413,Wieviu Goudmedaillie het dr Michael Phelps bi dr Olympische Spiu 2008 gwunne?,Bern
415,Wele Bruef het dr Frank Herbert?,Bern
427,Ih welem Land isch dr Bill Gates ufd Wäut cho?,Bern
428,Wieviu Enkelchind het dr Jacques Cousteau gha?,Bern
430,Weli Monarchä usem Vereinigte Chönigriich sy mit me Düütsche ghürate gsy?,Bern
60,zell mir alli Apollo-14 astronoute uf,Ostschweiz
446,i wellere Stadt isch de Präsident bu Montenegro gebore?,Ostschweiz
191,wie heisst de König vu holland?,Ostschweiz
161,wer het de agent wmith i de matrix gspilt?,Ostschweiz
421,welli flughäfe gits i Kalifornie ide USA?,Ostschweiz
198,welli zuetate brucht mer für en Karottekueche?,Ostschweiz
481,welli länder hend meh als 10 vulkan?,Ostschweiz
80,über welli länder erstrekend sich d Himalaya gebirge?,Ostschweiz
508,wem het mer Scarface gseit?,Ostschweiz
268,wo het d Heineken Brauerei ihren Sitz?,Ostschweiz
182,tuan alli fuassballverein us spania uflista,Graubünden
363,an wellna militärischa konflikt het dr lawrence vu arabia teilgno?,Graubünden
5,in wellna länder gits ort mit me als zwei höhlena?,Graubünden
264,flüsst d isar in a see?,Graubünden
365,tuan alli büacher mit me als 300 sitena vum william goldmann uflista,Graubünden
426,welli software isch durch mean hamster software veröffentlicht worda?,Graubünden
411,welli amerikanischi präsidenta sind während em vietnamkriag im amt ksi?,Graubünden
336,wia viel het pulp fiction kostet?,Graubünden
59,wia viel ihwohner het maribor?,Graubünden
404,wia heisst dr ersti nama vur band queens of the stone age?,Graubünden
421,Weli Flughäfe gids ds Kaliforniä ir USA?,Bern
115,Weli Fluglinie ghöre dr SkyTeam-Allianz?,Bern
121,Weli Programmiersprachö hei Javascript beeiflusst?,Bern
348,I welem Land isch dr Mount Everest?,Bern
61,"List aui Ungernehme uf, wo meh aus 1 Million Agsteuti hei.",Bern
371,I welere Stadt läbt dr Sylvester Stallone?,Bern
305,Wär het ih dr Formel 1 di meischtä Rennä gfahre?,Bern
277,Wie viu Ihwohner hät dr Irak?,Bern
39,"List aui Schwimmer uf, di wo ds Moskau geborä sy.",Bern
288,Ih welem Land isch dr Limerick Lake?,Bern
283,Wia heisst dr höchsti berg vo italia?,Graubünden
254,In wellem alta riich sind kakaobohna zahligsmittel gsi?,Graubünden
345,Wia viel menscha lebend in eurasia?,Graubünden
505,Wer isch bir apollo 11 mission dabi gsi?,Graubünden
456,Wer isch dr autor vo wikileaks?,Graubünden
382,Wenn hed dr boris becker sini aktiv karriera beendet?,Graubünden
98,Wer hed dr john lennnon umbrocht?,Graubünden
351,Wia haisst dia längsti Bruck?,Graubünden
240,In wellem Johr isch d Rachel Stevens gebora?,Graubünden
389,In wellem Land entspringt dr Ganges?,Graubünden
529,Us was bestoht d Atmosphära vum Mond?,Graubünden
503,Welli Sprocha werdend in Pakistan gredet?,Graubünden
260,Wer isch dr Nochfolger vum John F. Kennedy gsi?,Graubünden
185,Wer isch dr schwersti Spieler vu da Chicago Bulls?,Graubünden
105,In wiaviel Film het dr Leonardo DiCaprio mitgspielt?,Graubünden
76,Wo isch dr JFK ermordet worda?,Graubünden
140,Wenn sind d Darsteller vur Fernsehserie Charmed gebora?,Graubünden
144,Zell alli gothischa Gebäude in Kent uf,Graubünden
378,Wer isch dr erst ksi wo dr Mount Everest bestiga hed?,Graubünden
182,Tuan alli Fuassballverein us Spania uflista,Graubünden
455,Weg was isch dr Elon Musk berüahmt?,Graubünden
93,Wasfür schwedischi Fiirtäg gits?,Graubünden
43,Wella Musikstil spielt dr Lou Reed?,Graubünden
556,Tuan alli Internetsiita vu Unternehma uflista wo meh als 500000 Mitarbeiter hen,Graubünden
500,Wenn wird dr Film Worst Case Scenario in Holland ins Kino koh?,Graubünden
138,Welli Fuassballspiler sind in Malta gebora?,Graubünden
289,Tuan alli Spiel uflista wo vu Mean Hamster Software veröffentlicht worda sind,Graubünden
289,Tuan alli Spiel uflista wo vu Mean Hamster Software veröffentlicht worda sind,Graubünden
186,Welli sproche werdend i estland gsproche,Ostschweiz
448,wie heisst de längst fluss vu china?,Ostschweiz
393,i wellere stadt isch de John F.Kennedy gstorbe?,Ostschweiz
247,wivil aldi filiale gits?,Ostschweiz
277,wivil iwohner het irak?,Ostschweiz
452,liste alli niderländischi parteie uf,Ostschweiz
75,wivil musee gits i paris,Ostschweiz
57,wivil luftlinie gits?,Ostschweiz
154,welli partei regiert i lissabon?,Ostschweiz
179,isch de darth vader de vato vum luke?,Ostschweiz
483,Wänn isch de Erfinder vo Dracula gstorbe?,Zürich
187,Welles isch sgrösste Land vode Welt?,Zürich
110,Wie viel Mensche schaffed bi FDNY?,Zürich
508,Wer isch Scarface gnännt worde?,Zürich
497,Wer isch de Vater vo Queen Elizabeth II gsi?,Zürich
340,Isch de Baikalsee grösser als de Grosse Bärensee?,Zürich
361,Wie heissed dEnkelkinder vom Elvis Presley?,Zürich
159,Hät dNeuuflag vo Battlestar Galactica meh Episode als die alte Serie?,Zürich
393,I wellere Stadt isch de John F. Kennedy gstorbe?,Zürich
17,Welli Organisation isch 1950 gründet worde?,Zürich
68,"Tua alli Schauspielr uflista, wo noch 1950 gebora sin.",Graubünden
374,Wia haisst Hauptstadt vu Kanada?,Graubünden
290,Wia heissn d'Bandmitgliedr vu Prodigy?,Graubünden
409,Wer hät Caesar ermordet?,Graubünden
306,Us welm Land kunnt Sitecore?,Graubünden
408,In welra Zitzona ligt Salt Lake City?,Graubünden
382,Wenn hät Boris Becker sini Karriera beendet?,Graubünden
424,Wer isch Bürgrmeistr vu Berlin?,Graubünden
134,"Tua alli Ländr uflista, in dena es meh als 10 Höhla hät.",Graubünden
557,Wia hend dia drei Schiff vum Kolumbus gheissa?,Graubünden
230,Wer het World of Warcraft entwicklet?,Graubünden
222,Isch Pferderenna a Sport?,Graubünden
65,Wer isch de Governeur vu Wyoming?,Graubünden
486,Wem khört de Aldi?,Graubünden
499,Tuan alli amerikanischa Präsidenta vu da letschta 20 Johr uflista,Graubünden
504,Mit wem isch d Tochter vum Bill Clinton verhürotet?,Graubünden
529,Us was bestoht d Atmosphära vum Mond?,Graubünden
158,Für was stoht ICRO?,Graubünden
206,Welles isch ds gröschta Stadion in Spania?,Graubünden
335,Wia isch de Rosakriag usganga?,Graubünden
69,In wellem Film hend d Liz Taylor und de Richi Burton zemma gspielt?,Graubünden
8,"Tuan alli Schauspieler uflista, wo in da Film mitgspielt hend, wo de William Shatner Regie gfüehrt het und au d Hauptrolla gspielt het.",Graubünden
348,In wellem Land stoht de Mount Everest?,Graubünden
272,Wia gross isch d Flächi vo Nordrhi Westpfahla?,Graubünden
486,Wem ghört de Aldi?,Graubünden
335,Wia isch de Rosakriag usganga?,Graubünden
329,wer het s buech d Süle vu de Welt gschribe?,Ostschweiz
154,welli partei regiert i lissabon?,Ostschweiz
237,wenn isch de Shakespeare gstorbe?,Ostschweiz
315,welli TV-Serie isch vu Walt Disney entwickelt worde?,Ostschweiz
71,welle Papst isch nachem Johannes Paul II ko?,Ostschweiz
328,spilt de Neymar für Real Madrid?,Ostschweiz
81,welli Schauspieler sind i dütschland gebore worde?,Ostschweiz
479,liste alli tschechische film uf,Ostschweiz
374,wie heisst d hauptstadt vu kanada?,Ostschweiz
165,isch di grösst stadt vu ägypte au d hauptstadt?,Ostschweiz
445,Wia isch dr Spitznama vo Baghdad?,Graubünden
539,Wer isch nocham JFK Präsident worda?,Graubünden
90,I welerq Serie het dr Neil Patrick Harris mitgspielt?,Graubünden
100,Liste alli auschtralische Mealcore-Bands uf.,Zentralschweiz
335,Wia isch dr Rosakriag usganga?,Graubünden
78,Tuan alli uflista wo an Halloween gebora sind,Graubünden
222,Isch Pferderenna a sport?,Graubünden
553,"Zeigmer Wanderrouta im Grand Canyon ah, wo kei Sturzfluatgfohr hen",Graubünden
197,Isch t Kubakrisa vor dr Invasion vur Schwiibucht ksi?,Graubünden
101,Welli länder hend dr Euro igfüahrt?,Graubünden
90,In wellna Seria hed dr Neil Patrick Harris mitgspielt?,Graubünden
133,List alli Länder uf wo meh als zwei offizielli Landessprocha hend,Graubünden
423,Was isch dr Geburtsnama vur Angela Merkel?,Graubünden
345,wiaviel lüt leben in Eurasia,Graubünden
214,wo hets britische parlament ihren sitz?,Ostschweiz
416,sind taiko e art vu japanische musikinstrument?,Ostschweiz
30,wie heisst de grösst spieler vu de atlanta falcons?,Ostschweiz
217,wenn isch di füft republik i frankrisch gründet worde?,Ostschweiz
458,vor wivil johr isch s Ford Modell T hergstellt worde?,Ostschweiz
444,zell di englishe schaupieler uf wo in Lovesick mitspilend,Ostschweiz
470,wer redet de Bart Simpson?,Ostschweiz
344,wer het d Brookly Brücke entworfe?,Ostschweiz
143,wivil kind het de Eddie Murphy?,Ostschweiz
443,zell alli schrifstelle uf wo en Nobelpris gwunne hend,Ostschweiz
1,Wer het Skype entwickled?,Zentralschweiz
2,Welli Persine sind in Heraklion gboore?,Zentralschweiz
6,Wo isch de Abraham Lincoln gstorbe?,Zentralschweiz
10,Liste alli dänische Film uf.,Zentralschweiz
14,Wem ghöred d Universal Studios?,Zentralschweiz
16,Welli Monarche sind mit Düütsche verhüratet gsi?,Zentralschweiz
18,Wer isch de Erfinder vo Captain America?,Zentralschweiz
20,Wer hät d Säule der Welt gschribe?,Zentralschweiz
21,Welle US-Bundestaat het die höchsti Bevölkerigsdichti?,Zentralschweiz
23,Liste alli Trompetenspieler uf wo Bandleader vonere Band gsi sind.,Zentralschweiz
0, List alli Bretspiil vo GMT uf.,Zentralschweiz
54,Wie heissed dHauptstädt vode Länder wo sich sHimalayagebirge befindet?,Zürich
55,Bi wie vielne Film füehrt de Park Chan-wook dRegie?,Zürich
56,Welli Flüss mündet i en dütsche See?,Zürich
62,I wellne Film unter de Regie vo Garry Marshall hät dJulia Roberts mitgspielt?,Zürich
63,Welli Fuassbällverein spieled ide Premier League?,Zürich
64,Welles isch de höchsti Ort im Ural?,Zürich
67,Welli Weltkulturerbestett sind i de vergagene beide Jahr ernannt worde?,Zürich
72,List alli ESA-Astronaute uf.,Zürich
74,Wem ghört Rolls-Royce?,Zürich
77,List alli Bundeskanzler vo Dütschland uf.,Zürich
416,Sind Taiko an Art vo japanischa Musiginstrument?,Ostschweiz
205,Zu welem Bundesstaat ghört d Penn State Universität?,Ostschweiz
269,Isch de Barack Obama Demokrat?,Ostschweiz
395,Wer het de Almanach vom alta Puur gschriba?,Ostschweiz
424,Wer isch dr Bürgermeister vo Berlin?,Ostschweiz
267,Us welem Land chunt dr Erfinder vo Miffy?,Ostschweiz
494,Weli Sprocha werden in Estland gredet?,Ostschweiz
100,List alli australischa Metalcore-Bands uuf.,Ostschweiz
96,"List alli Unternehma uuf, wo in dr Werbig tätig sind.",Ostschweiz
100,List alli australischa Metalcore-Bands uuf.,Ostschweiz
328,Spielt de Neymar für Real Madrid?,Ostschweiz
323,Wie vill het de Lego-Film kostet?,Zentralschweiz
90,I wellne Serie het de Neil Patrick Harris mitgspillt?,Zentralschweiz
280,Welli Schauspiiler hend alles imene Film vom William Shatner mitgspillt?,Zentralschweiz
170,I wellne Film het de Tom Cruise mitgspillt?,Zentralschweiz
414,Welli Künstler sind am gliiche Tag wie d Rachel Stevens gstorbe?,Zentralschweiz
424,Wer isch de Bürgermeister vo Berlin,Zentralschweiz
417,Wie vill Sitzplätz het s Heimstadion vom FC Porto?,Zentralschweiz
33,Welli Basketballspiller sind grösser als 2 Meter?,Zentralschweiz
465,Weli dütschä stedt hei meh aus 250000 ihwohner?,Bern
8,"D liste vo aune schouspieler, wo i aunä fiumä mitspilä, i dänä wo dr william shatner d regie gfüert het oder o d houptrouä gspiut het",Bern
357,Wie gross isch dr michael jordan?,Bern
48,Weles si d unifarbä vo Oxford,Bern
317,Welli trubesorte wachsed in Oregon?,Zürich
147,Welli fiirtäg gits uf de Welt,Zürich
418,Welles vielflügerprogramm hett am meista fluglinia?,Graubünden
37,Wo isch der hillel slovak gstorba?,Graubünden
357,Wia gross isch der michael jordan?,Graubünden
114,In wellem us bundesstaat liggt der mount mckinley?,Graubünden
506,Welli wellalängi hett indigo?,Graubünden
467,Wiaviel studenta hett dia frei universität amsterdam?,Graubünden
508,Wer hettma scarface gnennt?,Graubünden
355,Hett der socrates der aristoteles beiflusst?,Graubünden
112,Tuanmer alli bibliotheka uflista wo vor 1400 gründet worda sind.,Graubünden
80,Uf welli länder erstreckt sich ds himalaya gebirge?,Graubünden
358,I wellere britische Stad het de MI6 siis Hauptquartier?,Zentralschweiz
359,Wer het Family Guy erfunde?,Zentralschweiz
360,I wellere Stadt endet d Rout 66?,Zentralschweiz
362,Wenn het sich d Ming Dynastie ufglööst?,Zentralschweiz
368,Het de Sterbeort von Abraham Lincoln en Internetsiite?,Zentralschweiz
370,Isch d Michelle Obama d Ehefrau vom Brack Obama?,Zentralschweiz
372,Welli Büecher vom Kerouac sind vo Viking Press veröffentlicht worde?,Zentralschweiz
379,Wie vill Sprache werdet in Kolumbie gsproche?,Zentralschweiz
380,Wie heisst d Währig vo Tschechie?,Zentralschweiz
381,Wo in Frankriich wird Champagner hergstellt?,Zentralschweiz
214,Wo hät ds britischa Parlament sind Sitz?,Graubünden
523,Welli Tiararta sind stark gföhrdet?,Graubünden
513,Wia heissen d Ninja Turtles?,Graubünden
205,Zu wellem Bundesstaat ghört d Penn State Universität?,Graubünden
424,Wär isch dr Bürgermeischter vu Berlin?,Graubünden
39,"List miar alli Schwimmer uf, wo in Moskau gebora worda sind.",Graubünden
525,Wia gross isch dr Durchmesser vur Erda?,Graubünden
315,Welli TV-Seria hätt dr Walt Disney entwicklet?,Graubünden
269,Isch dr Barack Obama Demokrat?,Graubünden
58,"Gib miar a Lista mit allna Insla, wo zu Japan ghörend.",Graubünden
31,Was sind luut IGN dia 10 besta Aktion-Rollaspiel für da PC?,Graubünden
196,Wo isch dr Goethe gebora?,Graubünden
354,Het Ford a Fabrik in Malaysia plant?,Graubünden
9,Was isch d Amtssproch in Philippina?,Graubünden
503,Welli Sprocha werden in Pakistan gredet?,Graubünden
156,Wia viel Agstellti het d IBM,Graubünden
22,Welli Ruumflüg startend fu Baikonur us?,Graubünden
9,Was ischd Amtsproch vo da Philippina?,Graubünden
40,Lischt mer alli Kosmonauta uf,Graubünden
190,Wer het Ceres entdeckt?,Graubünden
473,"Lischt mer alli Autos uf, wo in Dütschland produziart werdend.",Graubünden
537,Welles Museum stellt dr Schrei vo Munch us?,Graubünden
13,Welli andera Waffa sind vo da Designer vor Uzi entwicklet worda?,Graubünden
552,Wia viel Unternehma het dr Gründer vo Facebook gründet?,Graubünden
457,Vo wellem Bundesstaat isch der Sean Parnell Gouvernör?,Graubünden
274,Was isch am Donald Trump sis Hauptgschäftsfeld?,Graubünden
518,Wo isch der Abraham Lincoln gstorba?,Graubünden
504,Mit wem isch d Tochter vom Bill Clinton verhürotet,Zürich
471,Mit wem isch de Tom Hanks verhürotet?,Zürich
540,Wer sind d eltere vo de ehefrau vom Juan Carlos I?,Zürich
518,Wo isch de Abraham Lincoln gstorbe?,Zürich
103,Isch de Marc Chargall en jud gsii?,Zürich
229,list mer alli startrampe vo de nasa uuf.,Zürich
478,"list alle rahmfahrzüg uuf, wo zum mars gfloge sind",Zürich
39,"list alli schwimmer uuf, wo i moskau gebore wurde sind",Zürich
366,a was isch de Bruce Carver gstorbe?,Zürich
326,Welli stadt het am wenigste iiwohnendi?,Zürich
524,Wele politiker isch mitmne dütsche verhüratet?,Bern
526,Heisst d frou vom präsidänt obama michelle?,Bern
527,Wele US staat het d abchürzig MN?,Bern
530,Wär isch dr gouverneur vo texas?,Bern
532,Wie het die berüehmti schlacht im 1836 z san antonia gheisse?,Bern
135,Welli Lieder hät Brucse Springsteen zwüsched 1980 und 1990 veröffentlicht?,Zürich
137,Wänn isch Lettland de EU bitrettet?,Zürich
146,I wellne Länder chan mer mit westafrikanische CFA Franc zahle?,Zürich
149,Welli Organisationen sind 1930 gründet worde?,Zürich
150,Wie isch de Geburtsname vode Angela Merkel?,Zürich
152,Welli Waffe hät Heckler & Koch entwicklet?,Zürich
157,List alli Episode vode erste Staffle vode HBO-Fernsehserie The Sopranos uf.,Zürich
167,Wie viel Programmiersprache gits?,Zürich
168,"Welli Schachspieler sind am gliche Ort gstorbe, wo sie gebore sind?",Zürich
169,Wem ghört Facebook?,Zürich
375,Wer isch de Bürgermeischter vu Tel Aviv?,Graubünden
166,Welli Raketa sind vu Baikonur us gstartet?,Graubünden
166,Welli Raketa sind vu Baikonur us gstartet?,Graubünden
76,Wo isch de JFK ermordert worda?,Graubünden
418,Welles Vielflügerprogramm het dia meischta Fluglinia?,Graubünden
521,"Wenn isch d Brauerei, wo d Pilner Urquell braut, gründet worda?",Graubünden
249,Wenn isch de John Adams gebora?,Graubünden
337,Isch Proinsulin a Protein?,Graubünden
208,Wia gross isch d Flächi vu da vereinigta Königrich?,Graubünden
231,Was ist de Geburtsnama vur Adele?,Graubünden
547,Welles Instrument spielt de Car Stevens?,Graubünden
459,Wenn isch de Carlo Guliani erschosse worde?,Zürich
463,Isch d Pamela Anderson Veganerin?,Zürich
487,Welli Büecher het d Danielle Steel gschribe?,Zürich
488,Wer isch vom Socrates beiflusst worde?,Zürich
491,Welli professionelle Surfer sind in de Philippine gebore worde?,Zürich
492,Wer sind d Eltere vo de Queen Victoria gsi?,Zürich
493,Gits irgendwelchi Schlösser i de Vereinigte Staate?,Zürich
496,Welli Länder sind durch de Rhii verbunde?,Zürich
533,"Zeig mir die offizielle Internetsiite vo de Schauspiiler, wo bi Charmed mitgspillt hend.",Zürich
536,"Liste alli friesische Insle uf, die zu de Niderlande ghöred.",Zürich
212,In wele Film het de Francis d Regie gmacht?,Ostschweiz
181,"Bitte tuen mir alli Film vom Steven Spielberg ufliste, wo meh als 80 Millione Dollar generiert hend.",Ostschweiz
300,Wär isch de grössti Basketballspieler?,Ostschweiz
300,Wär isch de grössti Basketballspiler?,Ostschweiz
346,Wär tue d BBC Wildlife Specials präsentiere?,Ostschweiz
19,Wär isch uf de Apollo 14 gsi?,Ostschweiz
117,Weli Politiker sind Methodiker?,Ostschweiz
241,Wie oft isch d Jana Fonda verhüürotet gsi?,Ostschweiz
75,Wie viel Musee gits in Paris?,Ostschweiz
125,Wa cha de Cat Stevens für Instrument spiele?,Ostschweiz
387,Wia heissen dia 5 Bezirk vo New York,Graubünden
450,Wiaviel Wüssaschaftler hend ar Ivy League Uni graduiert?,Graubünden
557,wia heissen dia drei Schiff vum Kolumbus?,Graubünden
392,Wia heisst dr Präsident vo Eritrea?,Graubünden
312,Isch dNatalie Portman in dr USA gebora worda?,Graubünden
484,Wer hets Englischa Wikipedia entwicklat?,Graubünden
375,Wer isch dr Bürgermeister vo Tel Aviv?,Graubünden
279,Wer isch dr Bürgermeister vur grössta Stadt im Französischa-Polynesia?,Graubünden
7,Welli Flughäfa werden durch Air China ahgfloga?,Graubünden
442,Wer het am Harry Potter gschriba?,Graubünden
105,In wia viala Film het Leonardo DiCaprio mitgspielt?,Graubünden
210,Isch Sigmund Freud verhürotet gsi?,Graubünden
383,In wellna Film mit Mickey Rourke het Guy Ritchie d Regi gfüahrt?,Graubünden
162,Welli griachischa Partaia sind proeuropäisch igstellt?,Graubünden
140,Wenn sind d Darsteller vur Fernsehserie Charmed gebora?,Graubünden
419,Welli europäischa Länder hen a parlamentarischi Monarchie?,Graubünden
249,Wenn isch John Adams gebora worda?,Graubünden
321,Wie vill Staate het  Mexiko?,Zentralschweiz
397,List alli schwedische Ozeanographe uf.,Zentralschweiz
456,Wer isch de Autor vo WikiLeaks?,Zentralschweiz
555,Welles isch die grössti Stadt in Amerika?,Zentralschweiz
173,"List alli Berge uf, wo grösser als de Nanga Parbat sind.",Zentralschweiz
124,Welli Software sind vo in Kalifornie gründete Organisatione entwicklet?,Zentralschweiz
154,Welli Partei regiert in Lissabon?,Zentralschweiz
161,Wer het de Agent Smith in Matrix gspillt?,Zentralschweiz
472,Dur welli Länder  füsst de Yenisei?,Zentralschweiz
294,Wer isch de Brügermeister vo Rotterdam?,Zentralschweiz
333,Vo wem isch dr Vincent van Gogh inspiriert gsy?,Bern
334,Weles Gebäude het nachem Burj Khalifa die meischte Stockwärch?,Bern
339,"Wer spiut aues ih dr spanische Fiume, wo vom Benicio del Toro produziert worde sy, mit?",Bern
347,Wieviu Ihwohner het Melbourne ds Florida?,Bern
349,Zu welere Künschtlerbewegig ghört dr Maler vo de drü Tänzerinne?,Bern
350,Wenn het  die Operation Overlord nöime gstartet?,Bern
352,"Gits äuä es Videospiu, ds Ballte Chess heisst?",Bern
356,Wieviu Chind het dr Benjamin Franklin gha?,Bern
271,Us wellere Region stammt dMelon de Bourgogne?,Zürich
122,Welle Musiker hät die meiste Büecher gschriebe?,Zürich
195,Welli Flughäfe flügt Yeti Airlines ah?,Zürich
139,Wie viel Politiker  händ ah de Columbia University ihre Abschluss gmacht?,Zürich
89,Wie viel Mission hät Soyuz-Programm?,Zürich
336,Wie viel hät Pulp Fiction kostet?,Zürich
66,Wo hät de Architekt vom Eiffelturm studiert?,Zürich
268,Wo hät dHeineken Brauerei ihre Sitze?,Zürich
268,Wo hät dHeineken Brauerei ihre Sitz?,Zürich
182,Tuen alli Fuessballverein us Spanie ufliste.,Zürich
340,Isch de Baikalsee grösser als de Grosse Bärensee?,Zürich
41,List alli Schwiizer NGOs uf.,Zürich
42,Welli Präsidete sind 1945 gebore?,Zürich
44,Wo spiled d Red Sox?,Zürich
45,"List alli Fussballverein uf, wo ide Bundesliga spiled.",Zürich
46,Welli Vulkän sind sit 2000 in Japan usbroche?,Zürich
49,Wie vill Film het de Hal Roach produziert?,Zürich
50,List alli dänische Film uf.,Zürich
51,Was isch die äufigsti Todesursach?,Zürich
52,Wer sind die jüngste MVP Basketballspiler?,Zürich
53,List alli Unternehme in Münche uf.,Zürich
385,Zeig mir d Autobiographie vom Hemingway.,Zentralschweiz
381,Wo in Frankriich wird Sekt hergstellt?,Zentralschweiz
159,Het d Neuuflag vo Battlestar Galactica meh Epsiode als die alt Serie?,Zentralschweiz
255,Wie vill Theorie het de Albert Einstein gha?,Zentralschweiz
2,Welli Persone sind in Herakolin gebore worde?,Zentralschweiz
126,Wie vill Fluglinie ghöred zur Starr Alliance?,Zentralschweiz
120,Welle Dichter het die meiste Büecher gschribe?,Zentralschweiz
163,List alli Bandleader wo Trompete spilled auf.,Zentralschweiz
96,Lisste alli Unternehme wo in der Werbig tätig sind uf.,Zentralschweiz
4,Wer isch de Bürgermeister von New York City?,Zentralschweiz
171,Zu wellem Bundesstaat ghört Fort Knox?,Zürich
172,List alli Städte mitere Iwohnerzahl grösser als 100000 in New Jersey uf.,Zürich
174,List alli B-Siite vode Ramones uf.,Zürich
177,List die siebe Könige vo Rom uf.,Zürich
178,"List alli Mensche uf, wo in Wien gebore und in Berlin gstorbe sind.",Zürich
180,List alli Brauereie in Australie uf.,Zürich
183,Wer hät dFilm produziert wo dNatalie Portmann mitspielt?,Zürich
184,List alli Züchtige vom Deutsche Schäferhund uf.,Zürich
188,Wie heisst die grössti Stadt in Amerika?,Zürich
189,Welle Papst hät Vatican Television erfunde?,Zürich
358,I wellere Britische Stadt isch s Hauptquartier vom MI6?,Zentralschweiz
400,I wellne Länder redet d Mensche Japanisch?,Zentralschweiz
334,Welles Gebüüde het nachem Burj Khalifa die meiste Stockwerk?,Zentralschweiz
281,Wie gross isch d Claudia Schiffer?,Zentralschweiz
388,List alle kanadische Grunge Plattelabel uf.,Zentralschweiz
329,Wer hets Buech die süüle vo de Welt gschribe?,Zentralschweiz
234,was isch s letze Werk vom Dan Brown?,Zentralschweiz
59,Wie vill Ihwohner het Maribor?,Zentralschweiz
332,Het Breaking Bad meh Episode als Game of Thrones?,Zentralschweiz
308,Spielt de Christian Bale in Velvet Goldmine mit?,Zürich
310,Wie viel ethnischi Gruppe lebed in Slowenie?,Zürich
311,Wie heisst dHauptstadt vo Kamerun?,Zürich
313,Wie viel Siite hät Krieg und Friede?,Zürich
318,Isch US-Präsident Jackson imene Krieg verwicklet gsi?,Zürich
319,Wänn isch Titanic fertiggstellt worde?,Zürich
322,Welle Wüsseschaftler isch bekannt fürs Manhattan Projekt und de Nobelpris?,Zürich
325,List alli Episode vode erste Staffle vode HBO-Fersehserie The Sopranos uf.,Zürich
327,Wo isch Syngman Rhee bestattet?,Zürich
331,Wer isch de Doktorvater vom Albert Einstein gsi?,Zürich
482,Zell alli Film mit em tom cruise uf.,Zentralschweiz
115,Welli Flugline ghöred zur SkyTeam-Allianz?,Zentralschweiz
378,Wer isch de ersti gsi wo de Mount Everst bestige het?,Zentralschweiz
7,Welli Flughäfe werdet vo de Air China ahgfloge?,Zentralschweiz
76,Wo isch de JFK ermordet worde?,Zentralschweiz
215,Wie höch isch de Flughafe vo Düsseldorf?,Zentralschweiz
343,Welli Stadt het die ältischti no fahrendi Ubahn?,Zentralschweiz
163,Liste alli Bandleader wo Trumpete spilled uf.,Zentralschweiz
159,Het d Neuuflag vo Battlestar Galactica meh Episode als die alt Serie?,Zentralschweiz
103,Isch de Marc Chagall Jud gsi?,Zentralschweiz
367,Welli Tochtergsellschaft vo de Lufthansa flügt Dormund und Berlin Tegel ah?,Zentralschweiz
315,Welli TV-Serie sind vo Walt Disney entiwcklet worde?,Zentralschweiz
141,Welli Telekommunikationsunternehma kömend fu Belgia?,Graubünden
500,Wänn wird de Film Worst Case Scenario i de Niderland is kino cho?,Zentralschweiz
4,Wär isch de Bürgermeister vo new york city?,Zentralschweiz
528,Wänn isch de Muhammad gstorbe?,Zentralschweiz
486,Wäm ghört de Aldi?,Zentralschweiz
270,Wie heisset chind vo de Margaret Thatcher?,Zentralschweiz
173,mach a lista mit allna berga wo grösser sind als dr nanga parbat.,Graubünden
382,wenn het dr boris becker sini aktiv karriera beendet?,Graubünden
518,wo isch dr abraham lincoln gstorba?,Graubünden
4,wer isch bürgermeister vu new york city?,Graubünden
438,wia heisst dr höchsti ort vu karakoram?,Graubünden
436,wia heisst dr ehema vo amanda palmer?,Graubünden
519,wenn isch jack wolfskin gründet worda?,Graubünden
185,wer isch dr schwersti spieler vu da chicago bulls?,Graubünden
140,wenn sind d darsteller vur fernsehserie charmed gebora?,Graubünden
281,wia gross isch claudia schiffer?,Graubünden
123,I welle Film het de Clint Eastwood Regie gfüehrt und mitgspilt?,Zentralschweiz
262,Isch dr Arnold Schwarzenegger are Universität ihgschriebä gsy?,Bern
263,Isch dr James Bond äuä ghürate?,Bern
265,Welles indische Ungernehme het am meischte Mitarbeiter?,Bern
266,Wer isch vorem John F. Kennedy dr Vizepräsident gsy?,Bern
273,Weli Stadt het die meischte Ihwohner?,Bern
275,Wenn isch dr final vo dr Fuessbauwäutmeischterschaft im 2018?,Bern
276,Bi wellem Fium het dr Standley Kubrick Regie gführt?,Bern
215,Wie höch isch de Flughafe vo Düssledorf?,Zentralschweiz
148,Wie heisst de längsti Fluss?,Zentralschweiz
320,Het de Tesla en Nobelpriis in Physik gwunne?,Zentralschweiz
312,Isch d Natalie Protmann i de USA gebore?,Zentralschweiz
296,Wer isch mitem Präsident Chirac verhüratet?,Zentralschweiz
377,Welles Buech het de Muhammed Ali gschribe?,Zentralschweiz
451,Welli profesionelle Surfer sind in Australie gebore?,Zentralschweiz
70,List alli australische Non-Profit-Organisatione uf.,Zentralschweiz
480,Liste alli Taikonauten uf.,Zentralschweiz
141,Welli Telekommunkationsunternehme sind us Belgie?,Zentralschweiz
443,"Liste alli Schriftsteller uf, wo en Nobelpriis gwunne hend.",Zentralschweiz
367,Welli Tochtergsellschaft vo de Lufthansa flüügt Dortmund und Berlin Tegl ah?,Zentralschweiz
58,Welli Insle ghöred alles zu Japan?,Zentralschweiz
240,I wellem Jahr isch d Rachel Stevens gebore?,Zentralschweiz
98,Wer het de John Lennon tötet?,Zentralschweiz
117,Welli Politiker sind Methodiste?,Zentralschweiz
259,Welli Erlektronikunternehme sind in Peking gründet worde?,Zentralschweiz
259,Welli Erlektronikunternehme sind in Peking gründet worde?,Zentralschweiz
7,Welli Flughäfe werdet vo de Air China ahgfloge?,Zentralschweiz
142,Liste alli Seee in Dänemark uf.,Zentralschweiz
162,Welli griechische Parteie sind proeurpäisch ihgstellt?,Zentralschweiz
282,Uf wellem Platz staht Dütschland gmesse ade Bevölkerigsdichti?,Zürich
286,I wellere Stadt isch de Nikos Kazantzakis gstorbe?,Zürich
291,I wellere Ziitzone isch Rom?,Zürich
292,Wie höch isch de Lüchtturm in Colombo?,Zürich
295,Welli isch die grösst Stadt in Australie?,Zürich
297,Welli Regierigsform isch in Südafrika gründet worde?,Zürich
298,Wie höch isch de Yokohoma Marine Tower?,Zürich
299,Welli Fiirtig werded uf de Welt gfiiret?,Zürich
303,Hät de Kausrismäki jemals de Grand Prix vo Cannes gunne?,Zürich
307,Was isch de Geburtsort vom Frank Sinatra?,Zürich
192,Isch Cola es Getränk?,Zentralschweiz
194,Wer het d Säule vo de Welt gschribe?,Zentralschweiz
199,Wer het Wikipedia entwicklet?,Zentralschweiz
200,Wie heisst de höchsti Berg in Sachse,Zentralschweiz
201,Wer isch momentan Finanziminster in Düütschland?,Zentralschweiz
202,Zu wellem Land ghört Mekka?,Zentralschweiz
203,Wer het de Gus Fring in Breaking Bad gspillt?,Zentralschweiz
207,Wie heisst de Trainer vom IIshockeyteam us Ankara?,Zentralschweiz
209,Wer het de Batman erfunde?,Zentralschweiz
216,Wie vill Ihwohler het Mexiko City?,Zentralschweiz
82,Wie viel Kohlehydrat hät Erdnussbutter?,Zürich
84,Wie viel Agstellti hät Google?,Zürich
85,"List alli Schauspieler uf, wo in Berlin gebore sind.",Zürich
91,Wänn sind dHells Angels gründet worde?,Zürich
92,Wie höch isch sNettoikomme vo Apple?,Zürich
95,Für welli Musicals hät de Leonard Bernsetein dMusig gschriebe?,Zürich
102,List alli Forme vo Essstörig uf.,Zürich
106,Isch dMargaret Thatcher Chemikerin gsi?,Zürich
107,Welli US-Staate lieged i de gliche Ziitzone wie Utah?,Zürich
109,Welles Land hät die meiste offizielle Sprache?,Zürich
83,Wär het am meischte Fiume produziert?,Bern
371,Ih welere Stadt lebt dr Sylvester Stallone?,Bern
272,Wie gross ischd Flächi vu Nordrhy Westpfahle?,Bern
17,Weli Organisationä sy 1950 gründet wordä?,Bern
410,Wie heisst dr höchscht Bärg ds Dütschland?,Bern
479,List aui tschechische Fiume uf.,Bern
462,Wieviu Priisä het dr Bertrand Russel gwunnä?,Bern
391,Wär het d‘Titumelodie vo Game of Thromes gschriibä?,Bern
422,Was sy d‘Spitznäme vo San Francisco?,Bern
489,Wie tüüf isch dr Chiemäsee?,Bern
469,Wiviu James Bond Fiume gits?,Bern
474,Wen isch de Michael Jackson gstorbä?,Bern
474,Wen isch dr Michael Jackson gstorbä?,Bern
475,Wie heisst dr gröscht Vulkan ds Afrika?,Bern
476,Wele Dichter het die meischte Büecher gschriebe?,Bern
111,Wär hät eich dr Chewbacca gspiut?,Bern
113,Weli Programmierspach isch vo Perl beeiflusst wordä?,Bern
118,Weli Büecher het dr Schriftsteuer vo Ds Schicksau isch e miesä Verräter no einisch gschriebä?,Bern
458,Wia viel Johr het Ford ds Modell T hergstellt?,Graubünden
218,Wer isch der erscht König vo England gsi?,Graubünden
495,Lischt alli kritisch gföhrdeta Vögel uf.,Graubünden
19,Wer isch am Bord vo Apollo 14 gsi?,Graubünden
37,Wo isch Hiller Slovak gstorba?,Graubünden
537,Welches Museum stellt der Schrei vo Munch us?,Graubünden
505,Wer het an der  Apollo 11-Mission teilgnoh?,Graubünden
119,Welles isch der högschti Berg?,Graubünden
284,Lischt alli Spiel vo GMT uf.,Graubünden
412,Butch Otter isch der Governeur vo wellem US-Staat?,Graubünden
546,Wer isch dr jüngscht Spieler ih dr Premier League?,Bern
498,List aui chemische Element uf.,
498,List aui chemische Element uf.,Bern
502,Weli Tochterfirma vo TUI Travel bedient Glasgow und Dublin?,Bern
509,Weli Flüss münde id Nordsee?,Bern
511,"Weli töchtere vo britische Grafe sy am gliche Ort gstorbe, wie dert wo si sy gebore?",Bern
512,Wieviu Kaiser het china gha?,Bern
514,Wo fangt Piccadilly ah?,Bern
515,"Wie heisst d Uni, wo am Obama sini Ehefrou studiert het?",Bern
516,Wen het Paraguay sini Unabhängigkeit usgsprochä?,Bern
517,"Wie chly isch dr chlynst, aktiv NBA-Spieler?",Bern
522,Wen isch d Boston Tea Party gsy?,Bern
187,was isch s gröste land vu de welt,Ostschweiz
375,wer isch de bürgermeister vu tel aviv,Ostschweiz
243,durch welli städt flüsst de weser,Ostschweiz
398,i weller stadt hend die vereinte natione ihre sitz?,Ostschweiz
531,bi welem film het d kurosawa regie gführt?,Ostschweiz
271,us welchere region stammend d Melon de Bourgogne?,Ostschweiz
489,wie tüff isch de chiemsee,Ostschweiz
414,welli künstler sind am gliche tag wie d Rachel Stevens gebore?,Ostschweiz
11,"liste d film vum Brad Pitt uf, i dene de Guy Ritchie Regie gführt het",Ostschweiz
86,wer het de Goofy erschaffe?,Ostschweiz
11,"liste d film vum Brad Pitt uf, i dene de Guy Ritchie Regie gführt het",Ostschweiz
86,wer het de Goofy erschaffe?,Ostschweiz
86,wer het de Goofy erschaffe?,Ostschweiz
11,"liste d film vum Brad Pitt uf, i dene de Guy Ritchie Regie gführt het",Ostschweiz
414,welli künstler sind am gliche tag wie d Rachel Stevens gebore?,Ostschweiz
489,wie tüff isch de chiemsee,Ostschweiz
271,us welchere region stammend d Melon de Bourgogne?,Ostschweiz
531,bi welem film het d kurosawa regie gführt?,Ostschweiz
398,i weller stadt hend die vereinte natione ihre sitz?,Ostschweiz
243,durch welli städt flüsst de weser,Ostschweiz
375,wer isch de bürgermeister vu tel aviv,Ostschweiz
187,was isch s gröste land vu de welt,Ostschweiz
