302,Het Che Guevara Chind gha?,Bern,Did Che Guevara have any children?

222,Isch rossrennä ä sport?,Bern,Is horse racing a sport?

176,Wenn isch dr Olof Palme erschossä wordä,Bern,When was Olof Palme shot

490,Weli Unternähme arbeite ir Luft- und Ruumfahrtindustrie und ir Medizin? ,Bern,Which companies work in the aerospace and medical industries? 

394,Wie heisst dr höchst Bärg in Australie?,Bern,What is the name of the highest mountain in Australia?

99,Weli Schriftsteller hei in Istanbul studiert?,Bern,Which writers studied in Istanbul?

108,Weli Büecher het d Danielle Steel geschribä?,Bern,What books did Danielle Steel write?

332,Het Breaking Bad meh Episode aus Game of Thrones?,Bern,Does Breaking Bad have more episodes than Game of Thrones?

248,Wie heisst de lengsti Fluss vo de Welt?,Zentralschweiz,What is the name of the longest river in the world?

254,In welem alta riich sind Kakaobohna Zahligsmittel gsi? ,Graubünden,In which old kingdom were cocoa beans a means of payment? 

17,Was für a Organisation isch im Johr 1950 gründet worda? ,Graubünden,What kind of organisation was founded in 1950? 

348,In wellem Land ligt dr Mount Everest?,Graubünden,In which country is Mount Everest?

534,Wia viel Kaloria hät as Baguette? ,Graubünden,How many calories does a baguette have? 

309,Wär isch dr Sohn vu Sonny und Cher,Graubünden,Who's Sonny and Cher's son?

32,Säg alli Schriftssteller wo dr Nobelpriis gwunna hend,Graubünden,Tell all the writers who have won the Nobel Prize

32,Säg alli Schriftssteller wo dr Nobelpriis gwunna hend?,Graubünden,Tell all the writers who have won the Nobel Prize?

420,Welli Länder händ Ortschafta mit meh als zwai höhlana? ,Graubünden,Which countries have places with more than two cave trailers? 

145,Wär isch dr manager vu Real Madrid?,Graubünden,Who is the manager of Real Madrid?

153,Welli Stadt i Dütschland isch flächamässig dia klinsti?,Graubünden,Which city in Germany is the smallest in terms of area?

285,Welli Sproch wird offiziell in Surinami gredet? ,Graubünden,What is the official language spoken in Surinami? 

477,Tuan alli Gängster us dr Zit vur Prohibition uflista,Graubünden,Lists all gangsters from the time of Prohibition

473,Tuan alli Autos wo in Dütschland produziert werden uflista,Graubünden,Do list all cars that are produced in Germany

98,Wer hed dr John Lennon tötet?,Graubünden,Who killed John Lennon?

98,Wer hed dr John Lennon tötet?,Graubünden,Who killed John Lennon?

98,Wer hed dr John Lennon tötet?,Graubünden,Who killed John Lennon?

115,Wiaviel Fluuglinia ghören zur SkyTeam-Allianz,Graubünden,Many airlines are part of the SkyTeam alliance

115,Wiaviel Fluuglinia ghören zur SkyTeam-Allianz,Graubünden,Many airlines are part of the SkyTeam alliance

39,Tuan alli Schwimmer uflista wo in Moskau gebora worda sin,Graubünden,List all swimmers who were born in Moscow

39,Tuan alli Schwimmer uflista wo in Moskau gebora worda sin,Graubünden,List all swimmers who were born in Moscow

173,Tuan alli Berga uflista wo grösser als dr Nanga Parbat sin,Graubünden,List all mountains larger than Nanga Parbat

65,Wer isch dr Gouverneur vu Wyoming,Graubünden,Who is the Governor of Wyoming

468,Wiaviel Umsatz macht IBM,Graubünden,How much revenue does IBM make?

486,Wem ghört Aldi?,Graubünden,Who owns Aldi?

219,Wer hät Forbes usebracht?,Zürich,Who put Forbes out?

220,Welle Pris hät Douglas Hofstadter gunne?,Zürich,Which prize did Douglas Hofstadter win?

221,Wer isch de jüngsti Dart-Spieler?,Zürich,Who's the youngest darts player?

223,Über welle Fluss füehrt dBrooklyn Bridge?,Zürich,Which river does the Brooklyn Bridge cross?

224,Wie viel Mensche lebed in Pole?,Zürich,How many people live in Poland?

225,Wänn isch die letzti Folg vo Friends usgstrahlt worde?,Zürich,When was the last episode of Friends aired?

226,Heisst dEhefrau vom Präsident Obama Michelle?,Zürich,Is President Obama's wife Michelle?

227,Wer isch de 9. Präsident vode Vereinigte Staate?,Zürich,Who is the 9th President of the United States?

227,Wer isch de 8. Präsident vode Vereinigte Staate?,Zürich,Who is the 8th President of the United States?

228,Wie viel Iwohner hät die Europäischi Union?,Zürich,How many inhabitants does the European Union have?

232,Wie viel Iwohner hät Kairo?,Zürich,How many inhabitants does Cairo have?

417,Wiaviel Sitzplätz hät ds Heimstadion fum FC Porto?,Graubünden,How many seats does the FC Porto home stadium have?

278,Wia viel Iwohner hät dia grösst Stadt fu Kanada?,Graubünden,How many inhabitants does Canada's largest city have?

425,Welli Länder fur Europäischa Union hend dr Euro?,Graubünden,Which countries in favour of the European Union have the euro?

486,Wwm ghört dr Aldi?,Graubünden,Wwm owns the Aldi?

429,Mach a Lista fu allna Profiskater us Schweda.,Graubünden,Make a list of all the professional cats from Sweden.

402,Welles Museum in New York hät dia meista Bsuachenda?,Graubünden,Which museum in New York has the most visitors?

507,Tuan miar alli B-Sitana fu da Ramones uflista.,Graubünden,Let me list all the Ramones' B-sides.

361,Wia heissen d Enkelkinder fum Elvis Presley?,Graubünden,What are the names of Elvis Presley's grandchildren?

4,Wer isch dr Bürgermeister in New York?,Graubünden,Who's the Mayor of New York?

293,Wer alles hät an The Wall fu Pink Floyd mitgschrieba?,Graubünden,Who wrote everything on The Wall by Pink Floyd?

268,Wo isch dr Sitz vo dr Heineken Brauerei?,Ostschweiz,Where is the headquarters of the Heineken Brewery?

164,Wia heisst dr zweithöchsti Berg vo dr Welt?,Ostschweiz,What is the name of the second highest mountain in the world?

254,In welem alta Riich sind Kakaobohna Zahligsmittel gsi?,Ostschweiz,In which old kingdom were cocoa beans a means of payment?

424,Wer isch dr Bürgermeister vo Berlin?,Ostschweiz,Who is the Mayor of Berlin?

247,Wia viel Aldi-Filiala gits?,Ostschweiz,How many Aldi branches are there?

105,In wiaviel Film het dr Leonardo DiCaprio mitgspielt?,Ostschweiz,How many films has Leonardo DiCaprio appeared in?

87,Uf wela Musigalba befindet sich ds Liad Last Christmas?,Ostschweiz,Which music album is the Liad Last Christmas on?

151,Mit wem isch dr Tom Cruise verhürotet gsi?,Ostschweiz,Who was Tom Cruise married to?

248,Wia heisst dr längsti Fluss vo dr Welt?,Ostschweiz,What is the name of the longest river in the world?

60,Seg miar alli Apollo-14-Astronauta?,Ostschweiz,Can you tell me all the Apollo-14 astronauts?

88,Du seg mau wenn isch da Auberta eich zure Provinz wordä?,Bern,When did Auberta actually become a province?

343,Welli Stadt hät ds äuteste no fahrende U-Bahn?,Bern,Which city has the oldest still running metro?

473,"List aui Autos uf, wo ds Dütschland na produziert werdä",Bern,Lists all cars still being produced in Germany

473,"List aui Autos uf, wo ds Dütschland na produziert werdä.",Bern,Lists all cars that are still produced in Germany.

136,Welli Seriä sy vom John Cleese erfunde wordä?,Bern,What series were invented by John Cleese?

510,Wo liggt z Fort Knox?,Graubünden,Where's Fort Knox?

406,Schrieb alli Schauspieler uf wu im Last Action Hero mitgspielt hend,Graubünden,Write down all actors who played in Last Action Hero

466,Mit wem isch d Tochter fum Robert Kennedy verhürotet?,Graubünden,Who is Robert Kennedy's daughter married to?

385,Zeig mir di Autobiographie vom Hemigway?,Zentralschweiz,Show me Hemigway's autobiography?

386,Wie gross isch d Amazon Eve?,Zentralschweiz,How big is the Amazon Eve?

431,List all argentinische Film uf.,Zentralschweiz,Lists all Argentinean films.

432,Wie isch de Michael Jackson gstorbe?,Zentralschweiz,How did Michael Jackson die?

433,Welle US-Bundesstaat isch als letschte anerkannt worde?,Zentralschweiz,Which US state was the last to be recognised?

435,Gib mir d Internetpräsenz von Forbes.,Zentralschweiz,Give me the website of Forbes.

447,Welle US-Bundestaathet die höchsti Bevölkerigsdichti?,Zentralschweiz,Which US state has the highest population density?

449,Wie isch d Vorwahl vo Berlin?,Zentralschweiz,What's the Berlin area code like?

453,Wie vill Mönd het de Mars?,Zentralschweiz,How many months does Mars have?

454,Wie isch de echti Name vom Batman?,Zentralschweiz,What's Batman's real name?

24,Welli US-Staate liegen i de gliiche Ziitzone wie Utah?,Zentralschweiz,Which US states are in the same time zone as Utah?

25,I wellne US-Staate gits Goldvorkomme?,Zentralschweiz,In which US states are there gold deposits?

26,Mit wem isch d Tochter vo de Ingrid Berman verhüratet?,Zentralschweiz,Who is Ingrid Berman's daughter married to?

27,Wie tüüf isch de Lake Placid?,Zentralschweiz,How deep is Lake Placid?

28,Liste alli Musee in London uf.,Zentralschweiz,List all museums in London.

29,Welli Höhlene hend mel als drü Iigäng?,Zentralschweiz,Which caves have more than three entrances?

34,Wenn isch d Friiheitstatue baut worde?,Zentralschweiz,When was the Statue of Liberty built?

35,Welli Staate grenzed a Illinois?,Zentralschweiz,Which states border Illinois?

36,Wer het Mincraft entwicklet?,Zentralschweiz,Who developed Mincraft?

38,I wellne Film het de Jesse Eisenberg mitgspillt?,Zentralschweiz,What film did Jesse Eisenberg star in?

345,Wia viel Menscha leben in Eurasia?,Ostschweiz,How many people live in Eurasia?

324,Wer het d Musig für Harold und Maude gschrieba?,Ostschweiz,Who wrote the music for Harold and Maude?

465,Weli dütscha Städt hen meh als 250000 Iiwohner?,Ostschweiz,"Which German cities have more than 250,000 inhabitants?"

411,Weli amerikanischa Präsidenta sind während em Vietnamchriag im Amt gsi?,Ostschweiz,Which American presidents were in office during the Vietnam War?

193,An welera Universität het dia dütsch Kanzlerin Angela Merkel gstudiart?,Ostschweiz,At which university did German Chancellor Angela Merkel study?

326,Weli Stadt het dia wenigsta Iiwohner?,Ostschweiz,Which city has the fewest inhabitants?

39,"List alli Schwimmer uuf, wo in Moskau gebora sind.",Ostschweiz,List all swimmers born in Moscow.

434,Zu welera Klass ghört dr Tuusigfüassler?,Ostschweiz,Which class does the centipede belong to?

342,Wo isch dr Bach gebora?,Ostschweiz,Where was Bach born?

277,Wia viel Iiwohner het dr Irak?,Ostschweiz,How many inhabitants does Iraq have?

504,Mit wem isch d Tochter vum Bill Clinton verhürotet?,Graubünden,Who is Bill Clinton's daughter married to?

345,Wiaviel Menscha leben in Eurasia?,Graubünden,How many people live in Eurasia?

416,Sind Taiko a Art vu japanischa MusiKinstrument?,Graubünden,Are Taiko a kind of Japanese musical instrument?

346,Wia präsentiart d BBC d Wildlife Specials?,Graubünden,How does the BBC present the Wildlife Specials?

423,Wia isch ds Geburtstagsdatum vur Angela Merkel?,Graubünden,What's Angela Merkel's birthday?

179,Isch dr Darth Vader dr Papi vom Luke?,Graubünden,Is Darth Vader Luke's daddy?

438,Wia heisst dr höchsti Ort vu Karakoram?,Graubünden,What is the name of the highest place in the Karakoram?

204,In wellam Land entspringt dr Nil?,Graubünden,In which country does the Nile originate?

543,Welli Brauerei gits in Nordrhein Westphalen?,Graubünden,Which breweries are there in North Rhine Westphalia?

301,Wia viel Sprocha werden in Turkmenistan gredat?,Graubünden,How many languages are spoken in Turkmenistan?

211,Wia heissen dEntwickler vu DBpedia?,Graubünden,What are the names of the developers of DBpedia?

336,Wia viel hät Pulp Ficiton kostet?,Graubünden,How much did Pulp Ficiton cost?

12,Zaig dEnkelkinder vum Bruce Lee?,Graubünden,Bruce Lee's grandchildren?

81,Welli Schauspieler sind in Dütschland gebora? ,Graubünden,Which actors were born in Germany? 

464,Welli Weltruumsonda sind in dr Orbit vu da Sunna gschickt worda?,Graubünden,Which space probes have been sent into the orbit of the Sun?

481,Welli Länder händ meh als 10 Vulkan? ,Graubünden,Which countries have more than 10 volcanoes? 

481,Welli Länder händ meh als 10 Vulkän? ,Graubünden,Which countries have more than 10 volcanoes? 

330,Sind dEltera vum Prinz Harry und vum Prinz William dia glicha? ,Graubünden,Are the parents of Prince Harry and Prince William the same? 

323,Wia viel Kosta hät dr Lego-Movie verursacht? ,Graubünden,How much did the Lego movie cost? 

528,Wia isch dr Muhammad gstorba?,Graubünden,How did Muhammad die?

353,Wär isch in da grossa Pyramida vu Gyzeh beärdigt worda? ,Graubünden,Who was buried in the Great Pyramid of Gyzeh? 

234,Was isch s letzte Werk vom Dan Brown?,Zentralschweiz,What is Dan Brown's latest work?

15,Welle Staat in de USA het die höchsti Bevölkerigsdichti?,Zentralschweiz,Which state in the US has the highest population density?

364,I wellere Ziitzone isch San Pedro de Atacama?,Zentralschweiz,What time zone is San Pedro the Atacama in?

485,List alli düütsche wiibliche Bundeskanzler uf.,Zentralschweiz,List all German female Chancellors.

86,Wer het de Goofy erfunde?,Zentralschweiz,Who invented Goofy?

47,Welli Bruggene füehred über d Seine?,Zentralschweiz,Which bridges cross the Seine?

369,Hett de Elvis Presley Chind gha?,Zentralschweiz,Did Elvis Presley have any children?

314,Wie heisst s eltiste Kind vo de Meryl Streep?,Zentralschweiz,What's the name of Meryl Streep's oldest child?

131,Wo isch de Amtssitz vom spanische Premierminister?,Zentralschweiz,Where is the seat of the Spanish Prime Minister?

407,Wer het de Plute entdeckt?,Zentralschweiz,Who discovered the Plute?

501,Wenn het de Lance Bass ghüratet?,Zentralschweiz,When did Lance Bass get married?

147,Welli Fiirtäg gits uf de Welt?,Zentralschweiz,What are the holidays in the world?

155,Welles isch de liechtischti Mond vom Jupiter?,Zentralschweiz,Which is the lightest moon of Jupiter?

535,Welli Bibliotheke sind vor 1400 gründet worde?,Zentralschweiz,Which libraries were founded before 1400?

97,Welles dind die grösste Balligszentre im Bundestaat Washington?,Zentralschweiz,What are the major urban centres in Washington State doing?

537,Welles MUesem stellt de Schrei vo Munch us?,Zentralschweiz,What must exhibit the cry of Munch?

104,Was isch die schlechtischti Platzierig vo Brasilie i de FIFA-Weltrangliiste gsi?,Zentralschweiz,What was Brazil's worst ranking in the FIFA World Rankings?

460,List alli usgstorbene Tier uf.,Zentralschweiz,Lists all extinct animals.

116,Welli Schiff sind nach em Bejamin Franklin benannt worde.,Zentralschweiz,Which ships are named after Bejamin Franklin.

86,Wer het de Goofy erfunde?,Zentralschweiz,Who invented Goofy?

175,Welles sind d Fachgebiert vom UNC Health Care?,Zentralschweiz,Who are the experts at UNC Health Care?

213,Ghöred Baumstiiger zu de Amphibie?,Zentralschweiz,Are tree climbers an amphibian?

440,Welli Schauspieker spielled in Big Bang Theroy mit=?,Zentralschweiz,Which actors are in Big Bang Theroy=?

444,"Liste englischi Schauspiiler uf, wo in Lovsick mitspilled.",Zentralschweiz,List all english actors acting in Lovsick.

236,Wer isch de Autor vom Buech Traumdüütig?,Zentralschweiz,Who is the author of the book Dream Interpretation?

197,Ish d Kubakriise vor de Invasion vo de Schweinebucht gsi?,Zentralschweiz,Was the Cuban Missile Crisis before the Bay of Pigs invasion?

403,Wie heisst s erste Album vo Queen?,Zentralschweiz,What's the name of Queen's first album?

376,Welli Regierigsfrom het Russland?,Zentralschweiz,What government of Russia has?

520,I weller Stadt het d Aur China de Unternehmigssitz?,Zentralschweiz,In which city is Aur China headquartered?

371,I wellere stadt läbt dr sylvester stallone? ,Bern,What town does Sylvester Stallone live in? 

31,weles si luutem ign di 10 beste aktion rollespiu füre pc?,Bern,What are the 10 best action role-playing games for the PC?

371,I wellere stadt läbt dr sylvester stallone? ,Bern,What town does Sylvester Stallone live in? 

31,weles si luutem ign di 10 beste aktion rollespiu füre pc?,Bern,What are the 10 best action role-playing games for the PC?

278,wi viu ihwohner het di grössti stadt vo kanada?,Bern,how many inhabitants does Canada's largest city have?

289,schrib aui spieler uf wo vo mean hamster software si veröffentlichet worde,Bern,Write down all players released by a hamster software

304,zu welere partei ghört dr bürgermeister vo paris? ,Bern,Which party does the Mayor of Paris belong to? 

330,hei prinz harry und prinz william di gliche eutere? ,Bern,Do Prince Harry and Prince William have the same parents? 

244,i welere programmsprach isch gimp gschribe? ,Bern,in which language is gimp written? 

374,wi heisst d houptstadt vo kanada? ,Bern,What's the name of the capital of Canada? 

68,schrib aui schouspieler uf wo nach 1950 in paris si gebore,Bern,write down all actors who were born in Paris after 1950

277,wi viu ihwohner het dr irak,Bern,how many inhabitants does Iraq have

120,Welle Dichter het die meiste Bücher gschribe?,Zentralschweiz,Which poet wrote the most books?

123,I wellene Film het de Clint Eastwood Regie gführt und mitgspilt?,Zentralschweiz,Which film did Clint Eastwood direct and star in?

126,Wie vill Fluglinie ghöred zur Star Alliance?,Zentralschweiz,How many airlines are part of the Star Alliance?

128,Wer het d Tribute vo Panem gschribe?,Zentralschweiz,Who wrote the Panem tributes?

129,Für welles Label het de Elvis siis erste Album ufgnoo?,Zentralschweiz,Which label did Elvis record his first album for?

130,Spilt de Christian Bale in Batman Begins mit?,Zentralschweiz,Is Christian Bale in Batman Begins?

132,Welle Schauspiiler het i de meiste Film mitgspilt?,Zentralschweiz,Which actor has starred in the most films?

256,Wer het de Soundtrack zum Film Titanic vom Camerons gschribe?,Zentralschweiz,Who wrote the soundtrack to Cameron's film Titanic?

257,Wie lang gaht de Film Toy Story?,Zentralschweiz,How long does the film Toy Story run?

261,Wer isch de Bürgermeister vo Paris?,Zentralschweiz,Who's the Mayor of Paris?

395,Wer hät de Almanach vum alta Bur gschrieba?,Graubünden,Who wrote Old Bur's Almanac?

366,An wa isch de Bruce Carver gstorba?,Graubünden,And what did Bruce Carver die of?

518,Wora isch de Abraham Lincoln gstorba?,Graubünden,What did Abraham Lincoln die of?

13,Weli andri Waffa si vum Designr vu dr Uzi entwicklet worda?,Graubünden,What other weapons were developed by the designer of the Uzi?

133,"Tua alli Ländr uflista, wo meh als zwei offizielli Landessproche hen.",Graubünden,List all countries that have more than two official national languages.

280,"Tua alli Schauspielr uflista, wo in de Film, untr dr Regie vu William Shatner, mitgspielt hen.",Graubünden,"Open up all the actors who acted in the movie, directed by William Shatner."

280,"Tua alli Schauspielr uflista, wo in de Film, untr dr Regie vu William Shatner, mitgspielt hen.",Graubünden,"Open up all the actors who acted in the movie, directed by William Shatner."

338,Hen Urdu und Persisch gmeinsami Wurzla?,Graubünden,Do Urdu and Persian have common roots?

461,Wer isch d'Ehefrau vum Präsident Lincoln gsi?,Graubünden,Who was President Lincoln's wife?

421,Weli Flughäfa gits in Kalifornia (USA)?,Graubünden,Which airports are there in California (USA)?

296,Wer isch mitm Präsident Chirac verhürotet gsi?,Graubünden,Who was married to President Chirac?

133,"Tua alli Ländr uflista, wo meh als zwei offizielli Landessprocha hen.",Graubünden,List all countries that have more than two official national languages.

68,Welli Schauspiiler sind alles nach 1950 in Paris gebore?,Zentralschweiz,Which actors were born in Paris after 1950?

396,Wie heisst die chinesischi Währig?,Zentralschweiz,What is the name of the Chinese currency?

316,Für was staht IYCM?,Zentralschweiz,What does IYCM stand for?

405,Wie heist de letschti Film mitem Alec Guiness?,Zentralschweiz,What's the name of the last film with Alec Guiness?

439,Wenn isch Finnland de EU biiträte?,Zentralschweiz,When did Finland join the EU?

473,Welli Autos sind in Düütschland produziert worde?,Zentralschweiz,Which cars were produced in Germany?

344,Wer het d Brooklyn Bridge entworfe?,Zentralschweiz,Who designed the Brooklyn Bridge?

437,Wer het de Sturm im Meer von Galiläa gmalet?,Zentralschweiz,Who painted the storm in the Sea of Galilee?

191,Wie heisst de König vo Holland?,Zentralschweiz,What's the name of the King of Holland?

182,List alle Fuesballverein us Spanie uf.,Zentralschweiz,Lists all football clubs in Spain.

233,Lebt de Frank Herbet no?,Zürich,Is Frank Herbet still alive?

235,Wo isch dSungkyunkwan Universität?,Zürich,Where is Sungkyunkwan University?

238,Wer hät Slack entwicklet?,Zürich,Who developed Slack?

239,Vo wo chunt de Carolina Reaper?,Zürich,Where's Carolina Reaper from?

242,Wie heisst dEhefrau vom Präsident Lincoln Mary?,Zürich,What's the name of President Lincoln's wife Mary?

245,A wellere Universität hät dAngela Merkel studiert?,Zürich,At which university did Angela Merkel study?

246,Für welli Musicals hät de Elton John dMusig gschriebe?,Zürich,Which musicals did Elton John write the music for?

250,Welli Firme produziered Luftchüssifahrzüg?,Zürich,Which companies produce hovercraft?

252,Zu wellere Spezie ghöred Elefante?,Zürich,Which species do elephants belong to?

253,Wie viel Mensche lebed ide Hauptstadt vo Australie?,Zürich,How many people live in the capital of Australia?

73,Wer isch 1978 de President vo Pakistan gsi?,Zentralschweiz,Who was the President of Pakistan in 1978?

255,Wie vill Theorie het de Albert Einstein gha?,Zentralschweiz,How many theories did Albert Einstein have?

470,Wer spricht de Bart Simpson?,Zentralschweiz,Who's Bart Simpson?

79,Welli Biersorte hend de Urpsrung in Irland?,Zentralschweiz,What types of beer originate in Ireland?

384,I wellne Film hend d Julia Roberts und de Reichard Gere zeme mitgspillt?,Zentralschweiz,In which film did Julia Roberts and Reichard Gere star together?

249,Wenn isch de John Adams gebore?,Zentralschweiz,When was John Adams born?

94,Wo isch die früherig holländischi Königin Juliana begrabe?,Zentralschweiz,Where is the former Dutch Queen Juliana buried?

543,Welli Brauereie gits in Nordrein Westfalen?,Zentralschweiz,Which breweries are there in Nordrein Westfalen?

441,Wela Informatikr hät en Oscar gwunna?,Graubünden,Which computer scientist won an Oscar?

40,Tuan alli Kosmonauta uflista.,Graubünden,Make a list of all the cosmonauts.

373,Wer hät das Lied Hotel California gschrieba?,Graubünden,Who wrote the song Hotel California?

5,In welna Ländr hät es Ort mit meh als zwei Höhla?,Graubünden,In which countries has a place with more than two caves?

309,Wer isch de Sohn vu Sonny und Cher?,Graubünden,Who's Sonny and Cher's son?

434,Zu welra Klassa ghört de Tusigfüasslr?,Graubünden,Which class does the centipede belong to?

391,Wer hät Titlmelodie vu Game of Thrones gschrieba?,Graubünden,Who wrote the theme tunes for Game of Thrones?

284,List alli Spiel vu GMT uf.,Graubünden,Lists all games of GMT.

341,Tua alli Büachr us Asimovs Foundation-Seria uflista.,Graubünden,List all the books from Asimov's Foundation series.

234,Was isch z'letschta Werk vum Dan Brown?,Graubünden,What is Dan Brown's latest work?

388,List aui kanadische Grunge Plattelabels uf.,Bern,Lists all Canadian grunge record labels.

390,Wer isch dr Gründer vo Penguin Books?,Bern,Who is the founder of Penguin Books?

399,Isch ds Rita Wilson d‘Ehefrou vom Tom Hanks?,Bern,Is that Rita Wilson the wife of Tom Hanks?

400,Ih welne Länder redä d‘Mönsche japanisch?,Bern,In which countries do people speak Japanese?

401,Wele Fium vom Tim Burton hät da gröschte Budget?,Bern,Which Tim Burton film has the biggest budget?

413,Wieviu Goudmedaillie het dr Michael Phelps bi dr Olympische Spiu 2008 gwunne?,Bern,How many gold medals did Michael Phelps win at the 2008 Olympic Games?

415,Wele Bruef het dr Frank Herbert?,Bern,What's Frank Herbert's job?

427,Ih welem Land isch dr Bill Gates ufd Wäut cho?,Bern,In which country was Bill Gates born?

428,Wieviu Enkelchind het dr Jacques Cousteau gha?,Bern,How many grandchildren did Jacques Cousteau have?

430,Weli Monarchä usem Vereinigte Chönigriich sy mit me Düütsche ghürate gsy?,Bern,Which monarchs from the United Kingdom were married to a German?

60,zell mir alli Apollo-14 astronoute uf,Ostschweiz,list all Apollo-14 astronauts

446,i wellere Stadt isch de Präsident bu Montenegro gebore?,Ostschweiz,In which city was the President of Montenegro born?

191,wie heisst de König vu holland?,Ostschweiz,What's the name of the King of Holland?

161,wer het de agent wmith i de matrix gspilt?,Ostschweiz,Who played Agent Wmith in the Matrix?

421,welli flughäfe gits i Kalifornie ide USA?,Ostschweiz,which airports are there in California in the USA?

198,welli zuetate brucht mer für en Karottekueche?,Ostschweiz,What ingredients do you need for a carrot cake?

481,welli länder hend meh als 10 vulkan?,Ostschweiz,Which countries have more than 10 volcanoes?

80,über welli länder erstrekend sich d Himalaya gebirge?,Ostschweiz,Which countries are covered by the Himalayan Mountains?

508,wem het mer Scarface gseit?,Ostschweiz,Who'd they tell Scarface to?

268,wo het d Heineken Brauerei ihren Sitz?,Ostschweiz,where is the Heineken Brewery based?

182,tuan alli fuassballverein us spania uflista,Graubünden,tu list all football clubs from Spain

363,an wellna militärischa konflikt het dr lawrence vu arabia teilgno?,Graubünden,What military conflict did Lawrence of Arabia take part in?

5,in wellna länder gits ort mit me als zwei höhlena?,Graubünden,in which countries are there places with more than two caves?

264,flüsst d isar in a see?,Graubünden,Does the Isar flow into a lake?

365,tuan alli büacher mit me als 300 sitena vum william goldmann uflista,Graubünden,lists all books with more than 300 pages by William Goldmann

426,welli software isch durch mean hamster software veröffentlicht worda?,Graubünden,which software has been released by my hamster software?

411,welli amerikanischi präsidenta sind während em vietnamkriag im amt ksi?,Graubünden,Which American presidents were in office during the Vietnam War?

336,wia viel het pulp fiction kostet?,Graubünden,How much did Pulp Fiction cost?

59,wia viel ihwohner het maribor?,Graubünden,how many inhabitants is Maribor?

404,wia heisst dr ersti nama vur band queens of the stone age?,Graubünden,what is the first name of the band Queens of the Stone age?

421,Weli Flughäfe gids ds Kaliforniä ir USA?,Bern,Which airports are there in California in the USA?

115,Weli Fluglinie ghöre dr SkyTeam-Allianz?,Bern,Which airlines are part of the SkyTeam alliance?

121,Weli Programmiersprachö hei Javascript beeiflusst?,Bern,Which programming languages have influenced Javascript?

348,I welem Land isch dr Mount Everest?,Bern,In which country is Mount Everest?

61,"List aui Ungernehme uf, wo meh aus 1 Million Agsteuti hei.",Bern,Lists all companies with more than 1 million employees.

371,I welere Stadt läbt dr Sylvester Stallone?,Bern,What town does Sylvester Stallone live in?

305,Wär het ih dr Formel 1 di meischtä Rennä gfahre?,Bern,Who has driven the most races in Formula One?

277,Wie viu Ihwohner hät dr Irak?,Bern,How many inhabitants does Iraq have?

39,"List aui Schwimmer uf, di wo ds Moskau geborä sy.",Bern,List all swimmers born in Moscow.

288,Ih welem Land isch dr Limerick Lake?,Bern,In which country is Limerick Lake?

283,Wia heisst dr höchsti berg vo italia?,Graubünden,What is the name of the highest mountain in Italy?

254,In wellem alta riich sind kakaobohna zahligsmittel gsi?,Graubünden,In which old kingdom were cocoa beans a means of payment?

345,Wia viel menscha lebend in eurasia?,Graubünden,How many people live in Eurasia?

505,Wer isch bir apollo 11 mission dabi gsi?,Graubünden,Who was on the Apollo 11 mission?

456,Wer isch dr autor vo wikileaks?,Graubünden,Who is the author of wikileaks?

382,Wenn hed dr boris becker sini aktiv karriera beendet?,Graubünden,When did Boris Becker end his active career?

98,Wer hed dr john lennnon umbrocht?,Graubünden,Who killed John Lennnon?

351,Wia haisst dia längsti Bruck?,Graubünden,What is the name of the longest bridge?

240,In wellem Johr isch d Rachel Stevens gebora?,Graubünden,What year was Rachel Stevens born?

389,In wellem Land entspringt dr Ganges?,Graubünden,In which country does the Ganges originate?

529,Us was bestoht d Atmosphära vum Mond?,Graubünden,What is the Moon's atmosphere made of?

503,Welli Sprocha werdend in Pakistan gredet?,Graubünden,What languages are spoken in Pakistan?

260,Wer isch dr Nochfolger vum John F. Kennedy gsi?,Graubünden,Who was John F. Kennedy's successor?

185,Wer isch dr schwersti Spieler vu da Chicago Bulls?,Graubünden,Who's the heaviest player in the Chicago Bulls?

105,In wiaviel Film het dr Leonardo DiCaprio mitgspielt?,Graubünden,How many films has Leonardo DiCaprio appeared in?

76,Wo isch dr JFK ermordet worda?,Graubünden,Where was JFK murdered?

140,Wenn sind d Darsteller vur Fernsehserie Charmed gebora?,Graubünden,When were the actors of the TV series Charmed born?

144,Zell alli gothischa Gebäude in Kent uf,Graubünden,Count all gothic buildings in Kent

378,Wer isch dr erst ksi wo dr Mount Everest bestiga hed?,Graubünden,Who was the first to climb Mount Everest?

182,Tuan alli Fuassballverein us Spania uflista,Graubünden,List all football clubs from Spain

455,Weg was isch dr Elon Musk berüahmt?,Graubünden,What is Elon Musk famous for?

93,Wasfür schwedischi Fiirtäg gits?,Graubünden,What are Swedish holidays for?

43,Wella Musikstil spielt dr Lou Reed?,Graubünden,What kind of music does Lou Rede play?

556,Tuan alli Internetsiita vu Unternehma uflista wo meh als 500000 Mitarbeiter hen,Graubünden,Do list all websites of companies with more than 500000 employees

500,Wenn wird dr Film Worst Case Scenario in Holland ins Kino koh?,Graubünden,When will the film Worst Case Scenario be released in the Netherlands?

138,Welli Fuassballspiler sind in Malta gebora?,Graubünden,Which football players were born in Malta?

289,Tuan alli Spiel uflista wo vu Mean Hamster Software veröffentlicht worda sind,Graubünden,Tue list all games released by Mean Hamster Software

289,Tuan alli Spiel uflista wo vu Mean Hamster Software veröffentlicht worda sind,Graubünden,Tue list all games released by Mean Hamster Software

186,Welli sproche werdend i estland gsproche,Ostschweiz,What languages are spoken in Estonia

448,wie heisst de längst fluss vu china?,Ostschweiz,What is the name of the longest river in China?

393,i wellere stadt isch de John F.Kennedy gstorbe?,Ostschweiz,In which city did John F. Kennedy die?

247,wivil aldi filiale gits?,Ostschweiz,how many Aldi branches are there?

277,wivil iwohner het irak?,Ostschweiz,How many inhabitants does Iraq have?

452,liste alli niderländischi parteie uf,Ostschweiz,lists all Dutch parties

75,wivil musee gits i paris,Ostschweiz,how many museums are there in Paris

57,wivil luftlinie gits?,Ostschweiz,How many airlines are there?

154,welli partei regiert i lissabon?,Ostschweiz,Which party is ruling in Lisbon?

179,isch de darth vader de vato vum luke?,Ostschweiz,Is Darth's father Luke's father?

483,Wänn isch de Erfinder vo Dracula gstorbe?,Zürich,When did the inventor of Dracula die?

187,Welles isch sgrösste Land vode Welt?,Zürich,Which is the largest country in the world?

110,Wie viel Mensche schaffed bi FDNY?,Zürich,How many people work at FDNY?

508,Wer isch Scarface gnännt worde?,Zürich,Who was called Scarface?

497,Wer isch de Vater vo Queen Elizabeth II gsi?,Zürich,Who was Queen Elizabeth II's father?

340,Isch de Baikalsee grösser als de Grosse Bärensee?,Zürich,Is Lake Baikal bigger than the Great Bear Lake?

361,Wie heissed dEnkelkinder vom Elvis Presley?,Zürich,What are the names of Elvis Presley's grandchildren?

159,Hät dNeuuflag vo Battlestar Galactica meh Episode als die alte Serie?,Zürich,Does the reissue of Battlestar Galactica have more episodes than the old show?

393,I wellere Stadt isch de John F. Kennedy gstorbe?,Zürich,In which city did John F. Kennedy die?

17,Welli Organisation isch 1950 gründet worde?,Zürich,Which organisation was founded in 1950?

68,"Tua alli Schauspielr uflista, wo noch 1950 gebora sin.",Graubünden,List all actors who were born in 1950.

374,Wia haisst Hauptstadt vu Kanada?,Graubünden,What's the name of the capital of Canada?

290,Wia heissn d'Bandmitgliedr vu Prodigy?,Graubünden,What are the names of the band members of Prodigy?

409,Wer hät Caesar ermordet?,Graubünden,Who murdered Caesar?

306,Us welm Land kunnt Sitecore?,Graubünden,Which country does Sitecore come from?

408,In welra Zitzona ligt Salt Lake City?,Graubünden,What time zone is Salt Lake City in?

382,Wenn hät Boris Becker sini Karriera beendet?,Graubünden,When did Boris Becker end his career?

424,Wer isch Bürgrmeistr vu Berlin?,Graubünden,Who is the Mayor of Berlin?

134,"Tua alli Ländr uflista, in dena es meh als 10 Höhla hät.",Graubünden,Tua list all countries where it has more than 10 caves.

557,Wia hend dia drei Schiff vum Kolumbus gheissa?,Graubünden,What are the names of Columbus's three ships?

230,Wer het World of Warcraft entwicklet?,Graubünden,Who developed World of Warcraft?

222,Isch Pferderenna a Sport?,Graubünden,Is horse racing a sport?

65,Wer isch de Governeur vu Wyoming?,Graubünden,Who's the Governor of Wyoming?

486,Wem khört de Aldi?,Graubünden,Who owns the Aldi?

499,Tuan alli amerikanischa Präsidenta vu da letschta 20 Johr uflista,Graubünden,Open up all the American presidents of the past 20 years

504,Mit wem isch d Tochter vum Bill Clinton verhürotet?,Graubünden,Who is Bill Clinton's daughter married to?

529,Us was bestoht d Atmosphära vum Mond?,Graubünden,What is the Moon's atmosphere made of?

158,Für was stoht ICRO?,Graubünden,What does ICRO stand for?

206,Welles isch ds gröschta Stadion in Spania?,Graubünden,Which is the biggest stadium in Spain?

335,Wia isch de Rosakriag usganga?,Graubünden,How did the War of the Roses end?

69,In wellem Film hend d Liz Taylor und de Richi Burton zemma gspielt?,Graubünden,In which movie did Liz Taylor and Richi Burton star together?

8,"Tuan alli Schauspieler uflista, wo in da Film mitgspielt hend, wo de William Shatner Regie gfüehrt het und au d Hauptrolla gspielt het.",Graubünden,Make a list of all the actors who acted in the movie that William Shatner directed and also starred in.

348,In wellem Land stoht de Mount Everest?,Graubünden,In which country is Mount Everest?

272,Wia gross isch d Flächi vo Nordrhi Westpfahla?,Graubünden,How large is the area of North Rhine Westpfahla?

486,Wem ghört de Aldi?,Graubünden,Who owns the Aldi?

335,Wia isch de Rosakriag usganga?,Graubünden,How did the War of the Roses end?

329,wer het s buech d Süle vu de Welt gschribe?,Ostschweiz,"Who wrote the book, the pillar of the world?"

154,welli partei regiert i lissabon?,Ostschweiz,Which party is ruling in Lisbon?

237,wenn isch de Shakespeare gstorbe?,Ostschweiz,When did Shakespeare die?

315,welli TV-Serie isch vu Walt Disney entwickelt worde?,Ostschweiz,which TV series was developed by Walt Disney?

71,welle Papst isch nachem Johannes Paul II ko?,Ostschweiz,Which Pope came after John Paul II?

328,spilt de Neymar für Real Madrid?,Ostschweiz,Does Neymar play for Real Madrid?

81,welli Schauspieler sind i dütschland gebore worde?,Ostschweiz,which actors were born in Germany?

479,liste alli tschechische film uf,Ostschweiz,lists all Czech films

374,wie heisst d hauptstadt vu kanada?,Ostschweiz,What's the name of the capital of Canada?

165,isch di grösst stadt vu ägypte au d hauptstadt?,Ostschweiz,is the largest city of Egypt also the capital?

445,Wia isch dr Spitznama vo Baghdad?,Graubünden,What's the nickname of Baghdad?

539,Wer isch nocham JFK Präsident worda?,Graubünden,Who became President after JFK?

90,I welerq Serie het dr Neil Patrick Harris mitgspielt?,Graubünden,What show did Neil Patrick Harris star in?

100,Liste alli auschtralische Mealcore-Bands uf.,Zentralschweiz,List all Australian Mealcore bands.

335,Wia isch dr Rosakriag usganga?,Graubünden,How did the War of the Roses end?

78,Tuan alli uflista wo an Halloween gebora sind,Graubünden,List all those who were born on Halloween

222,Isch Pferderenna a sport?,Graubünden,Is horse racing a sport?

553,"Zeigmer Wanderrouta im Grand Canyon ah, wo kei Sturzfluatgfohr hen",Graubünden,Show me walking routes in the Grand Canyon that don't have flash flood rides

197,Isch t Kubakrisa vor dr Invasion vur Schwiibucht ksi?,Graubünden,Was the Cuban Missile Crisis before the Bay of Pigs invasion?

101,Welli länder hend dr Euro igfüahrt?,Graubünden,Which countries have adopted the euro?

90,In wellna Seria hed dr Neil Patrick Harris mitgspielt?,Graubünden,What show did Neil Patrick Harris star in?

133,List alli Länder uf wo meh als zwei offizielli Landessprocha hend,Graubünden,Lists all countries that have more than two official national languages

423,Was isch dr Geburtsnama vur Angela Merkel?,Graubünden,What is Angela Merkel's birth name?

345,wiaviel lüt leben in Eurasia,Graubünden,how many people live in Eurasia

214,wo hets britische parlament ihren sitz?,Ostschweiz,where is the British Parliament based?

416,sind taiko e art vu japanische musikinstrument?,Ostschweiz,are Taiko a kind of Japanese musical instrument?

30,wie heisst de grösst spieler vu de atlanta falcons?,Ostschweiz,What's the name of the Atlanta Falcons' greatest player?

217,wenn isch di füft republik i frankrisch gründet worde?,Ostschweiz,When was the Fifth Republic founded in France?

458,vor wivil johr isch s Ford Modell T hergstellt worde?,Ostschweiz,How many years ago was the Ford Model T produced?

444,zell di englishe schaupieler uf wo in Lovesick mitspilend,Ostschweiz,list the English actors playing in Lovesick

470,wer redet de Bart Simpson?,Ostschweiz,Who's Bart Simpson?

344,wer het d Brookly Brücke entworfe?,Ostschweiz,Who designed the Brooklyn Bridge?

143,wivil kind het de Eddie Murphy?,Ostschweiz,How many children does Eddie Murphy have?

443,zell alli schrifstelle uf wo en Nobelpris gwunne hend,Ostschweiz,count all scriptural passages that have won a Nobel Prize

1,Wer het Skype entwickled?,Zentralschweiz,Who developed Skype?

2,Welli Persine sind in Heraklion gboore?,Zentralschweiz,Which Persians were born in Heraklion?

6,Wo isch de Abraham Lincoln gstorbe?,Zentralschweiz,Where did Abraham Lincoln die?

10,Liste alli dänische Film uf.,Zentralschweiz,List all Danish films.

14,Wem ghöred d Universal Studios?,Zentralschweiz,Who owns Universal Studios?

16,Welli Monarche sind mit Düütsche verhüratet gsi?,Zentralschweiz,Which monarchs were married to Germans?

18,Wer isch de Erfinder vo Captain America?,Zentralschweiz,Who invented Captain America?

20,Wer hät d Säule der Welt gschribe?,Zentralschweiz,Who wrote the Pillar of the World?

21,Welle US-Bundestaat het die höchsti Bevölkerigsdichti?,Zentralschweiz,Which US state has the highest population density?

23,Liste alli Trompetenspieler uf wo Bandleader vonere Band gsi sind.,Zentralschweiz,List all trumpet players who were bandleaders of a band.

0, List alli Bretspiil vo GMT uf.,Zentralschweiz,Lists all board games of GMT.

54,Wie heissed dHauptstädt vode Länder wo sich sHimalayagebirge befindet?,Zürich,What are the names of the capitals of the countries where the Himalayan Mountains are located?

55,Bi wie vielne Film füehrt de Park Chan-wook dRegie?,Zürich,How many films does Park Chan-wook direct?

56,Welli Flüss mündet i en dütsche See?,Zürich,Which rivers flow into a German lake?

62,I wellne Film unter de Regie vo Garry Marshall hät dJulia Roberts mitgspielt?,Zürich,Which film directed by Garry Marshall did Julia Roberts star in?

63,Welli Fuassbällverein spieled ide Premier League?,Zürich,Which clubs play in the Premier League?

64,Welles isch de höchsti Ort im Ural?,Zürich,Which is the highest place in the Urals?

67,Welli Weltkulturerbestett sind i de vergagene beide Jahr ernannt worde?,Zürich,Which World Heritage Sites have been appointed in the last two years?

72,List alli ESA-Astronaute uf.,Zürich,List all ESA astronauts.

74,Wem ghört Rolls-Royce?,Zürich,Who owns Rolls-Royce?

77,List alli Bundeskanzler vo Dütschland uf.,Zürich,List all Chancellors of Germany.

416,Sind Taiko an Art vo japanischa Musiginstrument?,Ostschweiz,Are Taiko a kind of Japanese musical instrument?

205,Zu welem Bundesstaat ghört d Penn State Universität?,Ostschweiz,Which state does Penn State University belong to?

269,Isch de Barack Obama Demokrat?,Ostschweiz,Is Barack Obama a Democrat?

395,Wer het de Almanach vom alta Puur gschriba?,Ostschweiz,Who wrote the old farmer's almanac?

424,Wer isch dr Bürgermeister vo Berlin?,Ostschweiz,Who is the Mayor of Berlin?

267,Us welem Land chunt dr Erfinder vo Miffy?,Ostschweiz,Which country did the inventor of Miffy come from?

494,Weli Sprocha werden in Estland gredet?,Ostschweiz,What languages are spoken in Estonia?

100,List alli australischa Metalcore-Bands uuf.,Ostschweiz,Lists all Australian metalcore bands.

96,"List alli Unternehma uuf, wo in dr Werbig tätig sind.",Ostschweiz,Lists all companies active in advertising.

100,List alli australischa Metalcore-Bands uuf.,Ostschweiz,Lists all Australian metalcore bands.

328,Spielt de Neymar für Real Madrid?,Ostschweiz,Does Neymar play for Real Madrid?

323,Wie vill het de Lego-Film kostet?,Zentralschweiz,How much did the Lego film cost?

90,I wellne Serie het de Neil Patrick Harris mitgspillt?,Zentralschweiz,What show did Neil Patrick Harris star in?

280,Welli Schauspiiler hend alles imene Film vom William Shatner mitgspillt?,Zentralschweiz,Which actors have starred in a William Shatner film?

170,I wellne Film het de Tom Cruise mitgspillt?,Zentralschweiz,What film did Tom Cruise star in?

414,Welli Künstler sind am gliiche Tag wie d Rachel Stevens gstorbe?,Zentralschweiz,Which artists died on the same day as Rachel Stevens?

424,Wer isch de Bürgermeister vo Berlin,Zentralschweiz,Who is the Mayor of Berlin

417,Wie vill Sitzplätz het s Heimstadion vom FC Porto?,Zentralschweiz,How many seats does the FC Porto home stadium have?

33,Welli Basketballspiller sind grösser als 2 Meter?,Zentralschweiz,Which basketball players are taller than two metres?

465,Weli dütschä stedt hei meh aus 250000 ihwohner?,Bern,"Which German cities have more than 250,000 inhabitants?"

8,"D liste vo aune schouspieler, wo i aunä fiumä mitspilä, i dänä wo dr william shatner d regie gfüert het oder o d houptrouä gspiut het",Bern,The list of all actors in all films directed or starred by William Shatner

357,Wie gross isch dr michael jordan?,Bern,How tall is Michael Jordan?

48,Weles si d unifarbä vo Oxford,Bern,What are the plain colours of Oxford

317,Welli trubesorte wachsed in Oregon?,Zürich,Which grape varieties grow in Oregon?

147,Welli fiirtäg gits uf de Welt,Zürich,What are the holidays in the world?

418,Welles vielflügerprogramm hett am meista fluglinia?,Graubünden,Which frequent flyer programme has the most airlines?

37,Wo isch der hillel slovak gstorba?,Graubünden,Where did Hillel Slovak die?

357,Wia gross isch der michael jordan?,Graubünden,How tall is Michael Jordan?

114,In wellem us bundesstaat liggt der mount mckinley?,Graubünden,In which state is Mount Mcinley?

506,Welli wellalängi hett indigo?,Graubünden,What is the wavelength of indigo?

467,Wiaviel studenta hett dia frei universität amsterdam?,Graubünden,How many students does the Free University of Amsterdam have?

508,Wer hettma scarface gnennt?,Graubünden,Who called me Scarface?

355,Hett der socrates der aristoteles beiflusst?,Graubünden,Did Socrates influence Aristotle?

112,Tuanmer alli bibliotheka uflista wo vor 1400 gründet worda sind.,Graubünden,Let's list all the libraries that were founded before 1400.

80,Uf welli länder erstreckt sich ds himalaya gebirge?,Graubünden,Which countries are covered by the Himalayas?

358,I wellere britische Stad het de MI6 siis Hauptquartier?,Zentralschweiz,In which British city is MI6 headquartered?

359,Wer het Family Guy erfunde?,Zentralschweiz,Who invented Family Guy?

360,I wellere Stadt endet d Rout 66?,Zentralschweiz,In which city does Rout 66 end?

362,Wenn het sich d Ming Dynastie ufglööst?,Zentralschweiz,When did the Ming Dynasty break up?

368,Het de Sterbeort von Abraham Lincoln en Internetsiite?,Zentralschweiz,Does the death of Abraham Lincoln have a website?

370,Isch d Michelle Obama d Ehefrau vom Brack Obama?,Zentralschweiz,Is Michelle Obama Brack Obama's wife?

372,Welli Büecher vom Kerouac sind vo Viking Press veröffentlicht worde?,Zentralschweiz,Which books by Kerouac have been published by Viking Press?

379,Wie vill Sprache werdet in Kolumbie gsproche?,Zentralschweiz,How many languages are spoken in Colombia?

380,Wie heisst d Währig vo Tschechie?,Zentralschweiz,What is the name of the currency of the Czech Republic?

381,Wo in Frankriich wird Champagner hergstellt?,Zentralschweiz,Where in France is champagne produced?

214,Wo hät ds britischa Parlament sind Sitz?,Graubünden,Where is the British Parliament based?

523,Welli Tiararta sind stark gföhrdet?,Graubünden,Which Tiararta are at high risk?

513,Wia heissen d Ninja Turtles?,Graubünden,What's the name of the Ninja Turtles?

205,Zu wellem Bundesstaat ghört d Penn State Universität?,Graubünden,Which state does Penn State University belong to?

424,Wär isch dr Bürgermeischter vu Berlin?,Graubünden,Who is the Mayor of Berlin?

39,"List miar alli Schwimmer uf, wo in Moskau gebora worda sind.",Graubünden,List all the swimmers who were born in Moscow.

525,Wia gross isch dr Durchmesser vur Erda?,Graubünden,How big is the diameter of the Earth?

315,Welli TV-Seria hätt dr Walt Disney entwicklet?,Graubünden,What TV series did Walt Disney develop?

269,Isch dr Barack Obama Demokrat?,Graubünden,Is Barack Obama a Democrat?

58,"Gib miar a Lista mit allna Insla, wo zu Japan ghörend.",Graubünden,Give me a list of all the islands that belong to Japan.

31,Was sind luut IGN dia 10 besta Aktion-Rollaspiel für da PC?,Graubünden,"According to IGN, what are the 10 best action role-playing games for PC?"

196,Wo isch dr Goethe gebora?,Graubünden,Where was Goethe born?

354,Het Ford a Fabrik in Malaysia plant?,Graubünden,Has Ford planned a factory in Malaysia?

9,Was isch d Amtssproch in Philippina?,Graubünden,What is the official language in Philippines?

503,Welli Sprocha werden in Pakistan gredet?,Graubünden,What languages are spoken in Pakistan?

156,Wia viel Agstellti het d IBM,Graubünden,How many employees does IBM have?

22,Welli Ruumflüg startend fu Baikonur us?,Graubünden,Which space flights take off from Baikonur?

9,Was ischd Amtsproch vo da Philippina?,Graubünden,What is the official language of the Philippines?

40,Lischt mer alli Kosmonauta uf,Graubünden,List all cosmonauts for me

190,Wer het Ceres entdeckt?,Graubünden,Who discovered Ceres?

473,"Lischt mer alli Autos uf, wo in Dütschland produziart werdend.",Graubünden,Give me a list of all the cars that are produced in Germany.

537,Welles Museum stellt dr Schrei vo Munch us?,Graubünden,Which museum exhibits the cry of Munch?

13,Welli andera Waffa sind vo da Designer vor Uzi entwicklet worda?,Graubünden,What other weapons were developed by the designers of the Uzi?

552,Wia viel Unternehma het dr Gründer vo Facebook gründet?,Graubünden,How many companies did the founder of Facebook start?

457,Vo wellem Bundesstaat isch der Sean Parnell Gouvernör?,Graubünden,Which state is Sean Parnell governor of?

274,Was isch am Donald Trump sis Hauptgschäftsfeld?,Graubünden,What is Donald Trump's main business line?

518,Wo isch der Abraham Lincoln gstorba?,Graubünden,Where did Abraham Lincoln die?

504,Mit wem isch d Tochter vom Bill Clinton verhürotet,Zürich,Who is Bill Clinton's daughter married to?

471,Mit wem isch de Tom Hanks verhürotet?,Zürich,Who is Tom Hanks married to?

540,Wer sind d eltere vo de ehefrau vom Juan Carlos I?,Zürich,Who are the parents of Juan Carlos I's wife?

518,Wo isch de Abraham Lincoln gstorbe?,Zürich,Where did Abraham Lincoln die?

103,Isch de Marc Chargall en jud gsii?,Zürich,Was Marc Chargall a Jew?

229,list mer alli startrampe vo de nasa uuf.,Zürich,Read all the launchpads from my nose.

478,"list alle rahmfahrzüg uuf, wo zum mars gfloge sind",Zürich,lists all framing vehicles that have flown to Mars

39,"list alli schwimmer uuf, wo i moskau gebore wurde sind",Zürich,lists all swimmers who were born in Moscow

366,a was isch de Bruce Carver gstorbe?,Zürich,What did Bruce Carver die of?

326,Welli stadt het am wenigste iiwohnendi?,Zürich,Which city has the smallest population?

524,Wele politiker isch mitmne dütsche verhüratet?,Bern,Which politician is married to a German?

526,Heisst d frou vom präsidänt obama michelle?,Bern,Is President Obama's wife Michelle?

527,Wele US staat het d abchürzig MN?,Bern,Which US state has the abbreviation MN?

530,Wär isch dr gouverneur vo texas?,Bern,Who's the Governor of Texas?

532,Wie het die berüehmti schlacht im 1836 z san antonia gheisse?,Bern,What was the famous Battle of San Antonia in 1836?

135,Welli Lieder hät Brucse Springsteen zwüsched 1980 und 1990 veröffentlicht?,Zürich,Which songs did Brucse Springsteen release between 1980 and 1990?

137,Wänn isch Lettland de EU bitrettet?,Zürich,When did Latvia join the EU?

146,I wellne Länder chan mer mit westafrikanische CFA Franc zahle?,Zürich,In which countries can you pay with West African CFA francs?

149,Welli Organisationen sind 1930 gründet worde?,Zürich,Which organisations were founded in 1930?

150,Wie isch de Geburtsname vode Angela Merkel?,Zürich,What is Angela Merkel's birth name?

152,Welli Waffe hät Heckler & Koch entwicklet?,Zürich,Which weapons has Heckler & Koch developed?

157,List alli Episode vode erste Staffle vode HBO-Fernsehserie The Sopranos uf.,Zürich,Lists all episodes of the first season of the HBO television series The Sopranos.

167,Wie viel Programmiersprache gits?,Zürich,How many programming languages are there?

168,"Welli Schachspieler sind am gliche Ort gstorbe, wo sie gebore sind?",Zürich,Which chess players died in the same place where they were born?

169,Wem ghört Facebook?,Zürich,Who owns Facebook?

375,Wer isch de Bürgermeischter vu Tel Aviv?,Graubünden,Who is the Mayor of Tel Aviv?

166,Welli Raketa sind vu Baikonur us gstartet?,Graubünden,Which missiles were launched from Baikonur?

166,Welli Raketa sind vu Baikonur us gstartet?,Graubünden,Which missiles were launched from Baikonur?

76,Wo isch de JFK ermordert worda?,Graubünden,Where was JFK murdered?

418,Welles Vielflügerprogramm het dia meischta Fluglinia?,Graubünden,Which frequent flyer programme do most airlines have?

521,"Wenn isch d Brauerei, wo d Pilner Urquell braut, gründet worda?",Graubünden,When was the brewery that brews Pilner Urquell founded?

249,Wenn isch de John Adams gebora?,Graubünden,When was John Adams born?

337,Isch Proinsulin a Protein?,Graubünden,Is proinsulin a protein?

208,Wia gross isch d Flächi vu da vereinigta Königrich?,Graubünden,How big is the UK?

231,Was ist de Geburtsnama vur Adele?,Graubünden,What's Adele's birth name?

547,Welles Instrument spielt de Car Stevens?,Graubünden,Which instrument does Car Stevens play?

459,Wenn isch de Carlo Guliani erschosse worde?,Zürich,When was Carlo Guliani shot?

463,Isch d Pamela Anderson Veganerin?,Zürich,Is Pamela Anderson a vegan?

487,Welli Büecher het d Danielle Steel gschribe?,Zürich,What books did Danielle Steel write?

488,Wer isch vom Socrates beiflusst worde?,Zürich,Who was influenced by Socrates?

491,Welli professionelle Surfer sind in de Philippine gebore worde?,Zürich,Which professional surfers were born in the Philippines?

492,Wer sind d Eltere vo de Queen Victoria gsi?,Zürich,Who were Queen Victoria's parents?

493,Gits irgendwelchi Schlösser i de Vereinigte Staate?,Zürich,Are there any castles in the United States?

496,Welli Länder sind durch de Rhii verbunde?,Zürich,Which countries are linked by the Rhine?

533,"Zeig mir die offizielle Internetsiite vo de Schauspiiler, wo bi Charmed mitgspillt hend.",Zürich,Show me the official website of the actors who played in Charmed.

536,"Liste alli friesische Insle uf, die zu de Niderlande ghöred.",Zürich,List all the Frisian islands that belong to the Netherlands.

212,In wele Film het de Francis d Regie gmacht?,Ostschweiz,Which film did Francis direct?

181,"Bitte tuen mir alli Film vom Steven Spielberg ufliste, wo meh als 80 Millione Dollar generiert hend.",Ostschweiz,Please list all of Steven Spielberg's films that have generated over 80 million dollars.

300,Wär isch de grössti Basketballspieler?,Ostschweiz,Who's the greatest basketball player?

300,Wär isch de grössti Basketballspiler?,Ostschweiz,Who's the greatest basketball player?

346,Wär tue d BBC Wildlife Specials präsentiere?,Ostschweiz,Who presents the BBC Wildlife Specials?

19,Wär isch uf de Apollo 14 gsi?,Ostschweiz,Who was on Apollo 14?

117,Weli Politiker sind Methodiker?,Ostschweiz,Which politicians are Methodists?

241,Wie oft isch d Jana Fonda verhüürotet gsi?,Ostschweiz,How many times was Jana Fonda married?

75,Wie viel Musee gits in Paris?,Ostschweiz,How many museums are there in Paris?

125,Wa cha de Cat Stevens für Instrument spiele?,Ostschweiz,What instruments can Cat Stevens play?

387,Wia heissen dia 5 Bezirk vo New York,Graubünden,What are the five boroughs of New York?

450,Wiaviel Wüssaschaftler hend ar Ivy League Uni graduiert?,Graubünden,How many scientists have graduated from Ivy League University?

557,wia heissen dia drei Schiff vum Kolumbus?,Graubünden,What are the names of the three ships Columbus?

392,Wia heisst dr Präsident vo Eritrea?,Graubünden,What is the name of the President of Eritrea?

312,Isch dNatalie Portman in dr USA gebora worda?,Graubünden,Was Natalie Portman born in the USA?

484,Wer hets Englischa Wikipedia entwicklat?,Graubünden,Who developed the English Wikipedia?

375,Wer isch dr Bürgermeister vo Tel Aviv?,Graubünden,Who is the Mayor of Tel Aviv?

279,Wer isch dr Bürgermeister vur grössta Stadt im Französischa-Polynesia?,Graubünden,Who is the Mayor of the largest city in French Polynesia?

7,Welli Flughäfa werden durch Air China ahgfloga?,Graubünden,Which airports are served by Air China?

442,Wer het am Harry Potter gschriba?,Graubünden,Who wrote to Harry Potter?

105,In wia viala Film het Leonardo DiCaprio mitgspielt?,Graubünden,How many films has Leonardo DiCaprio appeared in?

210,Isch Sigmund Freud verhürotet gsi?,Graubünden,Was Sigmund Freud married?

383,In wellna Film mit Mickey Rourke het Guy Ritchie d Regi gfüahrt?,Graubünden,Which film with Mickey Rourke did Guy Ritchie direct?

162,Welli griachischa Partaia sind proeuropäisch igstellt?,Graubünden,Which Greek parties are pro-European?

140,Wenn sind d Darsteller vur Fernsehserie Charmed gebora?,Graubünden,When were the actors of the TV series Charmed born?

419,Welli europäischa Länder hen a parlamentarischi Monarchie?,Graubünden,Which European countries have a parliamentary monarchy?

249,Wenn isch John Adams gebora worda?,Graubünden,When was John Adams born?

321,Wie vill Staate het  Mexiko?,Zentralschweiz,How many countries does Mexico have?

397,List alli schwedische Ozeanographe uf.,Zentralschweiz,List all Swedish oceanographers.

456,Wer isch de Autor vo WikiLeaks?,Zentralschweiz,Who is the author of WikiLeaks?

555,Welles isch die grössti Stadt in Amerika?,Zentralschweiz,Which is the biggest city in America?

173,"List alli Berge uf, wo grösser als de Nanga Parbat sind.",Zentralschweiz,List all mountains larger than Nanga Parbat.

124,Welli Software sind vo in Kalifornie gründete Organisatione entwicklet?,Zentralschweiz,What software has been developed by organisations founded in California?

154,Welli Partei regiert in Lissabon?,Zentralschweiz,Which party is ruling in Lisbon?

161,Wer het de Agent Smith in Matrix gspillt?,Zentralschweiz,Who played Agent Smith in The Matrix?

472,Dur welli Länder  füsst de Yenisei?,Zentralschweiz,Which countries does the Yenisei flow through?

294,Wer isch de Brügermeister vo Rotterdam?,Zentralschweiz,Who is the master broker of Rotterdam?

333,Vo wem isch dr Vincent van Gogh inspiriert gsy?,Bern,Who was Vincent van Gogh inspired by?

334,Weles Gebäude het nachem Burj Khalifa die meischte Stockwärch?,Bern,Which building has the most floors after the Burj Khalifa?

339,"Wer spiut aues ih dr spanische Fiume, wo vom Benicio del Toro produziert worde sy, mit?",Bern,Who is involved in all the Spanish films produced by Benicio del Toro?

347,Wieviu Ihwohner het Melbourne ds Florida?,Bern,How many inhabitants is Melbourne in Florida?

349,Zu welere Künschtlerbewegig ghört dr Maler vo de drü Tänzerinne?,Bern,To which artistic movement does the painter of the three dancers belong?

350,Wenn het  die Operation Overlord nöime gstartet?,Bern,When did Operation Overlord start anywhere?

352,"Gits äuä es Videospiu, ds Ballte Chess heisst?",Bern,Is there a video game called Ballten Chess?

356,Wieviu Chind het dr Benjamin Franklin gha?,Bern,How many children did Benjamin Franklin have?

271,Us wellere Region stammt dMelon de Bourgogne?,Zürich,Which region does the Melon de Bourgogne come from?

122,Welle Musiker hät die meiste Büecher gschriebe?,Zürich,Which musician wrote the most books?

195,Welli Flughäfe flügt Yeti Airlines ah?,Zürich,Which airports does Yeti Airlines fly to?

139,Wie viel Politiker  händ ah de Columbia University ihre Abschluss gmacht?,Zürich,How many politicians have graduated from Columbia University?

89,Wie viel Mission hät Soyuz-Programm?,Zürich,How much mission does the Soyuz programme have?

336,Wie viel hät Pulp Fiction kostet?,Zürich,How much did Pulp Fiction cost?

66,Wo hät de Architekt vom Eiffelturm studiert?,Zürich,Where did the architect of the Eiffel Tower study?

268,Wo hät dHeineken Brauerei ihre Sitze?,Zürich,Where is the Heineken Brewery based?

268,Wo hät dHeineken Brauerei ihre Sitz?,Zürich,Where is the Heineken Brewery based?

182,Tuen alli Fuessballverein us Spanie ufliste.,Zürich,Open up all the football clubs in Spain.

340,Isch de Baikalsee grösser als de Grosse Bärensee?,Zürich,Is Lake Baikal bigger than the Great Bear Lake?

41,List alli Schwiizer NGOs uf.,Zürich,Lists all Swiss NGOs.

42,Welli Präsidete sind 1945 gebore?,Zürich,Which presidents were born in 1945?

44,Wo spiled d Red Sox?,Zürich,Where do the Red Sox play?

45,"List alli Fussballverein uf, wo ide Bundesliga spiled.",Zürich,Lists all football clubs playing in the Bundesliga.

46,Welli Vulkän sind sit 2000 in Japan usbroche?,Zürich,Which volcanoes have erupted in Japan since 2000?

49,Wie vill Film het de Hal Roach produziert?,Zürich,How many films did Hal Roach produce?

50,List alli dänische Film uf.,Zürich,Lists all Danish films.

51,Was isch die äufigsti Todesursach?,Zürich,What is the easiest cause of death?

52,Wer sind die jüngste MVP Basketballspiler?,Zürich,Who are the youngest MVP basketball players?

53,List alli Unternehme in Münche uf.,Zürich,Lists all companies in Munich.

385,Zeig mir d Autobiographie vom Hemingway.,Zentralschweiz,Show me Hemingway's autobiography.

381,Wo in Frankriich wird Sekt hergstellt?,Zentralschweiz,Where in France is sparkling wine produced?

159,Het d Neuuflag vo Battlestar Galactica meh Epsiode als die alt Serie?,Zentralschweiz,Does the reissue of Battlestar Galactica have more episodes than the old show?

255,Wie vill Theorie het de Albert Einstein gha?,Zentralschweiz,How many theories did Albert Einstein have?

2,Welli Persone sind in Herakolin gebore worde?,Zentralschweiz,Who were born in Herakolin?

126,Wie vill Fluglinie ghöred zur Starr Alliance?,Zentralschweiz,How many airlines are part of the Starr Alliance?

120,Welle Dichter het die meiste Büecher gschribe?,Zentralschweiz,Which poet wrote the most books?

163,List alli Bandleader wo Trompete spilled auf.,Zentralschweiz,Lists all bandleaders who play the trumpet.

96,Lisste alli Unternehme wo in der Werbig tätig sind uf.,Zentralschweiz,I list all the companies involved in advertising.

4,Wer isch de Bürgermeister von New York City?,Zentralschweiz,Who's the Mayor of New York City?

171,Zu wellem Bundesstaat ghört Fort Knox?,Zürich,Which state does Fort Knox belong to?

172,List alli Städte mitere Iwohnerzahl grösser als 100000 in New Jersey uf.,Zürich,Lists all cities with a population greater than 100000 in New Jersey.

174,List alli B-Siite vode Ramones uf.,Zürich,Lists all the B-sides of the Ramones.

177,List die siebe Könige vo Rom uf.,Zürich,List the seven kings of Rome.

178,"List alli Mensche uf, wo in Wien gebore und in Berlin gstorbe sind.",Zürich,Lists all people who were born in Vienna and died in Berlin.

180,List alli Brauereie in Australie uf.,Zürich,Lists all breweries in Australia.

183,Wer hät dFilm produziert wo dNatalie Portmann mitspielt?,Zürich,Who produced the film in which Natalie Portmann is in?

184,List alli Züchtige vom Deutsche Schäferhund uf.,Zürich,Lists all breeds of the German Shepherd.

188,Wie heisst die grössti Stadt in Amerika?,Zürich,What's the name of the biggest city in America?

189,Welle Papst hät Vatican Television erfunde?,Zürich,Which Pope invented Vatican Television?

358,I wellere Britische Stadt isch s Hauptquartier vom MI6?,Zentralschweiz,Which British city is the headquarters of MI6?

400,I wellne Länder redet d Mensche Japanisch?,Zentralschweiz,In which countries do people speak Japanese?

334,Welles Gebüüde het nachem Burj Khalifa die meiste Stockwerk?,Zentralschweiz,Which building has the most floors after the Burj Khalifa?

281,Wie gross isch d Claudia Schiffer?,Zentralschweiz,How tall is Claudia Schiffer?

388,List alle kanadische Grunge Plattelabel uf.,Zentralschweiz,Lists all Canadian grunge record labels.

329,Wer hets Buech die süüle vo de Welt gschribe?,Zentralschweiz,"Who wrote the book, the Pillars of the World?"

234,was isch s letze Werk vom Dan Brown?,Zentralschweiz,what is Dan Brown's latest work?

59,Wie vill Ihwohner het Maribor?,Zentralschweiz,How many inhabitants is Maribor?

332,Het Breaking Bad meh Episode als Game of Thrones?,Zentralschweiz,Does Breaking Bad have more episodes than Game of Thrones?

308,Spielt de Christian Bale in Velvet Goldmine mit?,Zürich,Is Christian Bale in Velvet Goldmine?

310,Wie viel ethnischi Gruppe lebed in Slowenie?,Zürich,How many ethnic groups live in Slovenia?

311,Wie heisst dHauptstadt vo Kamerun?,Zürich,What is the name of the capital of Cameroon?

313,Wie viel Siite hät Krieg und Friede?,Zürich,How many sides does war and peace have?

318,Isch US-Präsident Jackson imene Krieg verwicklet gsi?,Zürich,Was US President Jackson involved in a war?

319,Wänn isch Titanic fertiggstellt worde?,Zürich,When was the Titanic completed?

322,Welle Wüsseschaftler isch bekannt fürs Manhattan Projekt und de Nobelpris?,Zürich,Which scientist is known for the Manhattan Project and the Nobel Prize?

325,List alli Episode vode erste Staffle vode HBO-Fersehserie The Sopranos uf.,Zürich,Lists all episodes of the first season of the HBO television series The Sopranos.

327,Wo isch Syngman Rhee bestattet?,Zürich,Where is Syngman Rhee buried?

331,Wer isch de Doktorvater vom Albert Einstein gsi?,Zürich,Who was Albert Einstein's doctoral supervisor?

482,Zell alli Film mit em tom cruise uf.,Zentralschweiz,Lists all the films with the tom cruise.

115,Welli Flugline ghöred zur SkyTeam-Allianz?,Zentralschweiz,Which airlines are part of the SkyTeam alliance?

378,Wer isch de ersti gsi wo de Mount Everst bestige het?,Zentralschweiz,Who was the first to climb Mount Everst?

7,Welli Flughäfe werdet vo de Air China ahgfloge?,Zentralschweiz,Which airports are served by Air China?

76,Wo isch de JFK ermordet worde?,Zentralschweiz,Where was JFK murdered?

215,Wie höch isch de Flughafe vo Düsseldorf?,Zentralschweiz,How high is Düsseldorf Airport?

343,Welli Stadt het die ältischti no fahrendi Ubahn?,Zentralschweiz,Which city has the oldest still running underground?

163,Liste alli Bandleader wo Trumpete spilled uf.,Zentralschweiz,List all the bandleaders who play trumpets.

159,Het d Neuuflag vo Battlestar Galactica meh Episode als die alt Serie?,Zentralschweiz,Does the reissue of Battlestar Galactica have more episodes than the old show?

103,Isch de Marc Chagall Jud gsi?,Zentralschweiz,Was Marc Chagall Jud?

367,Welli Tochtergsellschaft vo de Lufthansa flügt Dormund und Berlin Tegel ah?,Zentralschweiz,Which Lufthansa subsidiary flies to Dormund and Berlin Tegel?

315,Welli TV-Serie sind vo Walt Disney entiwcklet worde?,Zentralschweiz,Which TV series were created by Walt Disney?

141,Welli Telekommunikationsunternehma kömend fu Belgia?,Graubünden,Which telecommunications companies come from Belgium?

500,Wänn wird de Film Worst Case Scenario i de Niderland is kino cho?,Zentralschweiz,When will the film Worst Case Scenario be released in the Netherlands?

4,Wär isch de Bürgermeister vo new york city?,Zentralschweiz,Who's the Mayor of New York City?

528,Wänn isch de Muhammad gstorbe?,Zentralschweiz,When did Muhammad die?

486,Wäm ghört de Aldi?,Zentralschweiz,Who owns the Aldi?

270,Wie heisset chind vo de Margaret Thatcher?,Zentralschweiz,What's the name of Margaret Thatcher's child?

173,mach a lista mit allna berga wo grösser sind als dr nanga parbat.,Graubünden,make a list of all the mountains that are bigger than the next parbat.

382,wenn het dr boris becker sini aktiv karriera beendet?,Graubünden,When did Boris Becker end his active career?

518,wo isch dr abraham lincoln gstorba?,Graubünden,Where did Abraham Lincoln die?

4,wer isch bürgermeister vu new york city?,Graubünden,Who's Mayor of New York City?

438,wia heisst dr höchsti ort vu karakoram?,Graubünden,what is the name of the highest place of Karakoram?

436,wia heisst dr ehema vo amanda palmer?,Graubünden,What's Amanda Palmer's husband's name?

519,wenn isch jack wolfskin gründet worda?,Graubünden,When was Jack Wolfskin founded?

185,wer isch dr schwersti spieler vu da chicago bulls?,Graubünden,Who's the heaviest player in the Chicago Bulls?

140,wenn sind d darsteller vur fernsehserie charmed gebora?,Graubünden,When were the actors of the TV series charmed born?

281,wia gross isch claudia schiffer?,Graubünden,how tall is Claudia Schiffer?

123,I welle Film het de Clint Eastwood Regie gfüehrt und mitgspilt?,Zentralschweiz,Which film did Clint Eastwood direct and star in?

262,Isch dr Arnold Schwarzenegger are Universität ihgschriebä gsy?,Bern,Was Arnold Schwarzenegger enrolled in university?

263,Isch dr James Bond äuä ghürate?,Bern,Is James Bond married?

265,Welles indische Ungernehme het am meischte Mitarbeiter?,Bern,Which Indian company has the most employees?

266,Wer isch vorem John F. Kennedy dr Vizepräsident gsy?,Bern,Who was the Vice President before John F. Kennedy?

273,Weli Stadt het die meischte Ihwohner?,Bern,Which city has the most inhabitants?

275,Wenn isch dr final vo dr Fuessbauwäutmeischterschaft im 2018?,Bern,When is the final of the World Football Championship in 2018?

276,Bi wellem Fium het dr Standley Kubrick Regie gführt?,Bern,Which film did Standley Kubrick direct?

538,Wenn isch De Beers gründet worde?,Zürich,When was De Beers founded?

541,Wer isch de Autor vo s Lied vo Füür und Iis?,Zürich,Who is the author of the Song of Fire and Ice?

542,I wellem Studio hend d Beatles ihres erste Album ufgno?,Zürich,In which studio did the Beatles record their first album?

544,Wenn isch d Prinzession Diana gstorbe?,Zürich,When did Princess Diana die?

545,Wer het Intel gründet?,Zürich,Who founded Intel?

548,Wie vill Flüss und See gits in South Carolina?,Zürich,How many rivers and lakes are there in South Carolina?

549,Wer het mer Rodzilla gnännt?,Zürich,Who called me Rodzilla?

550,List alli Hauptstädt vo allne Länder in Afrika uf.,Zürich,Lists all capitals of all countries in Africa.

551,Welli Brugge sind vom gliiche Typ wie d Manhatten Brugg.,Zürich,Wool bridges are of the same type as the Manhattan Bridge.

554,Welle Buech het am meiste Siitene?,Zürich,Which book has the most pages?

215,Wie höch isch de Flughafe vo Düssledorf?,Zentralschweiz,How high is Düsseldorf Airport?

148,Wie heisst de längsti Fluss?,Zentralschweiz,What's the name of the longest river?

320,Het de Tesla en Nobelpriis in Physik gwunne?,Zentralschweiz,Did Tesla win a Nobel Prize in physics?

312,Isch d Natalie Protmann i de USA gebore?,Zentralschweiz,Was Natalie Protmann born in the USA?

296,Wer isch mitem Präsident Chirac verhüratet?,Zentralschweiz,Who is married to President Chirac?

377,Welles Buech het de Muhammed Ali gschribe?,Zentralschweiz,What book did Muhammed Ali write?

451,Welli profesionelle Surfer sind in Australie gebore?,Zentralschweiz,Which professional surfers were born in Australia?

70,List alli australische Non-Profit-Organisatione uf.,Zentralschweiz,Lists all Australian non-profit organisations.

480,Liste alli Taikonauten uf.,Zentralschweiz,List all the taikonauts.

141,Welli Telekommunkationsunternehme sind us Belgie?,Zentralschweiz,Which telecommunications companies are from Belgium?

443,"Liste alli Schriftsteller uf, wo en Nobelpriis gwunne hend.",Zentralschweiz,List all the writers who have won a Nobel Prize.

367,Welli Tochtergsellschaft vo de Lufthansa flüügt Dortmund und Berlin Tegl ah?,Zentralschweiz,Which Lufthansa subsidiary flies to Dortmund and Berlin Tegl?

58,Welli Insle ghöred alles zu Japan?,Zentralschweiz,Which islands are all part of Japan?

240,I wellem Jahr isch d Rachel Stevens gebore?,Zentralschweiz,What year was Rachel Stevens born?

98,Wer het de John Lennon tötet?,Zentralschweiz,Who killed John Lennon?

117,Welli Politiker sind Methodiste?,Zentralschweiz,Which politicians are Methodists?

259,Welli Erlektronikunternehme sind in Peking gründet worde?,Zentralschweiz,Which electronics companies were founded in Beijing?

259,Welli Erlektronikunternehme sind in Peking gründet worde?,Zentralschweiz,Which electronics companies were founded in Beijing?

7,Welli Flughäfe werdet vo de Air China ahgfloge?,Zentralschweiz,Which airports are served by Air China?

142,Liste alli Seee in Dänemark uf.,Zentralschweiz,List all lakes in Denmark.

162,Welli griechische Parteie sind proeurpäisch ihgstellt?,Zentralschweiz,Which Greek parties are pro-European?

282,Uf wellem Platz staht Dütschland gmesse ade Bevölkerigsdichti?,Zürich,Where does Germany rank in terms of population density?

286,I wellere Stadt isch de Nikos Kazantzakis gstorbe?,Zürich,In which city did Nikos Kazantzakis die?

291,I wellere Ziitzone isch Rom?,Zürich,What time zone is Rome in?

292,Wie höch isch de Lüchtturm in Colombo?,Zürich,How high is the lighthouse in Colombo?

295,Welli isch die grösst Stadt in Australie?,Zürich,Which is the largest city in Australia?

297,Welli Regierigsform isch in Südafrika gründet worde?,Zürich,What form of government was established in South Africa?

298,Wie höch isch de Yokohoma Marine Tower?,Zürich,How high is the Yokohoma Marine Tower?

299,Welli Fiirtig werded uf de Welt gfiiret?,Zürich,What holidays are celebrated in the world?

303,Hät de Kausrismäki jemals de Grand Prix vo Cannes gunne?,Zürich,Has Kausrismäki ever won the Cannes Grand Prix?

307,Was isch de Geburtsort vom Frank Sinatra?,Zürich,What is the birthplace of Frank Sinatra?

192,Isch Cola es Getränk?,Zentralschweiz,Is Coke a drink?

194,Wer het d Säule vo de Welt gschribe?,Zentralschweiz,Who wrote the Pillar of the World?

199,Wer het Wikipedia entwicklet?,Zentralschweiz,Who developed Wikipedia?

200,Wie heisst de höchsti Berg in Sachse,Zentralschweiz,What is the name of the highest mountain in Saxony?

201,Wer isch momentan Finanziminster in Düütschland?,Zentralschweiz,Who is the Finance Minister in Germany at the moment?

202,Zu wellem Land ghört Mekka?,Zentralschweiz,Which country does Mecca belong to?

203,Wer het de Gus Fring in Breaking Bad gspillt?,Zentralschweiz,Who played Gus Fring in Breaking Bad?

207,Wie heisst de Trainer vom IIshockeyteam us Ankara?,Zentralschweiz,What's the name of the coach of the ice hockey team from Ankara?

209,Wer het de Batman erfunde?,Zentralschweiz,Who invented the Batman?

216,Wie vill Ihwohler het Mexiko City?,Zentralschweiz,How many inhabitants does Mexico City have?

82,Wie viel Kohlehydrat hät Erdnussbutter?,Zürich,How much carbohydrates does peanut butter have?

84,Wie viel Agstellti hät Google?,Zürich,How many employees does Google have?

85,"List alli Schauspieler uf, wo in Berlin gebore sind.",Zürich,Lists all actors who were born in Berlin.

91,Wänn sind dHells Angels gründet worde?,Zürich,When were the Hells Angels formed?

92,Wie höch isch sNettoikomme vo Apple?,Zürich,What is Apple's net income?

95,Für welli Musicals hät de Leonard Bernsetein dMusig gschriebe?,Zürich,Which musicals did Leonard Bernsetein write the music for?

102,List alli Forme vo Essstörig uf.,Zürich,Lists all forms of eating disorder.

106,Isch dMargaret Thatcher Chemikerin gsi?,Zürich,Was Margareet Thatcher a chemist?

107,Welli US-Staate lieged i de gliche Ziitzone wie Utah?,Zürich,Which US states are in the same time zone as Utah?

109,Welles Land hät die meiste offizielle Sprache?,Zürich,Which country has the most official languages?

83,Wär het am meischte Fiume produziert?,Bern,Who produced the most films?

371,Ih welere Stadt lebt dr Sylvester Stallone?,Bern,What town does Sylvester Stallone live in?

272,Wie gross ischd Flächi vu Nordrhy Westpfahle?,Bern,How large is the area of North Rhine West Piles?

17,Weli Organisationä sy 1950 gründet wordä?,Bern,Which organisations were founded in 1950?

410,Wie heisst dr höchscht Bärg ds Dütschland?,Bern,What is the name of the highest mountain in Germany?

479,List aui tschechische Fiume uf.,Bern,Lists all Czech films.

462,Wieviu Priisä het dr Bertrand Russel gwunnä?,Bern,How many prizes has Bertrand Russel won?

391,Wär het d‘Titumelodie vo Game of Thromes gschriibä?,Bern,Who wrote the theme tune of Game of Thromes?

422,Was sy d‘Spitznäme vo San Francisco?,Bern,What are the nicknames of San Francisco?

489,Wie tüüf isch dr Chiemäsee?,Bern,How deep is the Chiemäsee?

469,Wiviu James Bond Fiume gits?,Bern,How many James Bond movies are there?

474,Wen isch de Michael Jackson gstorbä?,Bern,When did Michael Jackson die?

474,Wen isch dr Michael Jackson gstorbä?,Bern,When did Michael Jackson die?

475,Wie heisst dr gröscht Vulkan ds Afrika?,Bern,What is the name of the largest volcano in Africa?

476,Wele Dichter het die meischte Büecher gschriebe?,Bern,Which poet wrote the most books?

111,Wär hät eich dr Chewbacca gspiut?,Bern,Who played Chewbacca anyway?

113,Weli Programmierspach isch vo Perl beeiflusst wordä?,Bern,Which programming language was influenced by Perl?

118,Weli Büecher het dr Schriftsteuer vo Ds Schicksau isch e miesä Verräter no einisch gschriebä?,Bern,Which books did the writing tax of Destiny Is a Lousy Traitor write again?

458,Wia viel Johr het Ford ds Modell T hergstellt?,Graubünden,How many years did Ford make the Model T?

218,Wer isch der erscht König vo England gsi?,Graubünden,Who was the first King of England?

495,Lischt alli kritisch gföhrdeta Vögel uf.,Graubünden,List all critically endangered birds.

19,Wer isch am Bord vo Apollo 14 gsi?,Graubünden,Who was aboard Apollo 14?

37,Wo isch Hiller Slovak gstorba?,Graubünden,Where did Hiller Slovak die?

537,Welches Museum stellt der Schrei vo Munch us?,Graubünden,Which museum exhibits the cry of Munch?

505,Wer het an der  Apollo 11-Mission teilgnoh?,Graubünden,Who took part in the Apollo 11 mission?

119,Welles isch der högschti Berg?,Graubünden,Which is the highest mountain?

284,Lischt alli Spiel vo GMT uf.,Graubünden,Lists all games of GMT.

412,Butch Otter isch der Governeur vo wellem US-Staat?,Graubünden,Butch Otter is the Governor of which US state?

546,Wer isch dr jüngscht Spieler ih dr Premier League?,Bern,Who is the youngest player in the Premier League?

498,List aui chemische Element uf.,,Lists all chemical elements.

498,List aui chemische Element uf.,Bern,Lists all chemical elements.

502,Weli Tochterfirma vo TUI Travel bedient Glasgow und Dublin?,Bern,Which TUI Travel subsidiary serves Glasgow and Dublin?

509,Weli Flüss münde id Nordsee?,Bern,Which rivers flow into the North Sea?

511,"Weli töchtere vo britische Grafe sy am gliche Ort gstorbe, wie dert wo si sy gebore?",Bern,Which daughters of British earls died in the same place as where they were born?

512,Wieviu Kaiser het china gha?,Bern,How many emperors did China have?

514,Wo fangt Piccadilly ah?,Bern,Where does Piccadilly start?

515,"Wie heisst d Uni, wo am Obama sini Ehefrou studiert het?",Bern,What's the name of the university where Obama's wife studied?

516,Wen het Paraguay sini Unabhängigkeit usgsprochä?,Bern,When did Paraguay declare its independence?

517,"Wie chly isch dr chlynst, aktiv NBA-Spieler?",Bern,How small is the smallest active NBA player?

522,Wen isch d Boston Tea Party gsy?,Bern,When was the Boston Tea Party?

187,was isch s gröste land vu de welt,Ostschweiz,what is the biggest country in the world

375,wer isch de bürgermeister vu tel aviv,Ostschweiz,who is the Mayor of Tel Aviv

243,durch welli städt flüsst de weser,Ostschweiz,through which cities the Weser flows

398,i weller stadt hend die vereinte natione ihre sitz?,Ostschweiz,in which city is the headquarters of the United Nations?

531,bi welem film het d kurosawa regie gführt?,Ostschweiz,Which film did Kurosawa direct?

271,us welchere region stammend d Melon de Bourgogne?,Ostschweiz,Which region do the melons of Burgundy come from?

489,wie tüff isch de chiemsee,Ostschweiz,how deep is the Chiemsee

414,welli künstler sind am gliche tag wie d Rachel Stevens gebore?,Ostschweiz,Which artists were born on the same day as Rachel Stevens?

11,"liste d film vum Brad Pitt uf, i dene de Guy Ritchie Regie gführt het",Ostschweiz,lists Brad Pitt's films directed by Guy Ritchie

86,wer het de Goofy erschaffe?,Ostschweiz,Who created Goofy?

11,"liste d film vum Brad Pitt uf, i dene de Guy Ritchie Regie gführt het",Ostschweiz,lists Brad Pitt's films directed by Guy Ritchie

86,wer het de Goofy erschaffe?,Ostschweiz,Who created Goofy?

86,wer het de Goofy erschaffe?,Ostschweiz,Who created Goofy?

11,"liste d film vum Brad Pitt uf, i dene de Guy Ritchie Regie gführt het",Ostschweiz,lists Brad Pitt's films directed by Guy Ritchie

414,welli künstler sind am gliche tag wie d Rachel Stevens gebore?,Ostschweiz,Which artists were born on the same day as Rachel Stevens?

489,wie tüff isch de chiemsee,Ostschweiz,how deep is the Chiemsee

271,us welchere region stammend d Melon de Bourgogne?,Ostschweiz,Which region do the melons of Burgundy come from?

531,bi welem film het d kurosawa regie gführt?,Ostschweiz,Which film did Kurosawa direct?

398,i weller stadt hend die vereinte natione ihre sitz?,Ostschweiz,in which city is the headquarters of the United Nations?

243,durch welli städt flüsst de weser,Ostschweiz,through which cities the Weser flows

375,wer isch de bürgermeister vu tel aviv,Ostschweiz,who is the Mayor of Tel Aviv

187,was isch s gröste land vu de welt,Ostschweiz,what is the biggest country in the world

